mint,expand_t0_ts,expand_mc_usd_t0,create_ts,cache_ok,n_raw_cache,hit_10x_30d_expand,reconstructable,reconstruct_method,t0_ts,mc_usd_t0,price_usd_t0,needs_deep,n_raw_final,hit_10x_30d,max_multiple_30d,label_source,capture_scoreable,n_trades_pre_t0,dt_vs_expand_h
7WbMV1CDKrBYGbzjceroHYFctbeY2eVqNnVACPbrpump,2026-09-16T05:05:00+00:00,8933.110642257903,2026-09-16T05:04:45+00:00,1,98,0,1,pump_trade_mc_band,2026-09-16T05:04:59+00:00,8923.375617688002,8.923375617688e-06,0,98,0.0,1.4458699454589192,pump_trades+expand_max,1,15.0,-0.0002777777777777778
2HyLwDo6q9jvuGXks4hQoeLqeT2RsTQF65U6K7sWpump,2026-09-11T11:28:14+00:00,8123.289094776603,2026-09-11T11:28:09+00:00,1,1200,0,1,pump_trade_mc_band,2026-09-11T12:05:21+00:00,9687.149250354,9.687149250354e-06,0,1200,0.0,3.273422580954435,pump_trades+expand_max,1,2.0,0.6186111111111111
6F8z8eJzteZUMuYKgy9tFTLzuwX8dfziWpgE3iTfpump,2026-09-09T23:56:34+00:00,8004.578841797185,2026-09-09T23:55:36+00:00,1,947,0,1,pump_trade_mc_band,2026-09-09T23:56:34+00:00,8071.055748579,8.071055748579e-06,0,947,0.0,1.3720474382008265,pump_trades+expand_max,1,256.0,0.0
GPmo7phsWF8fp3HYmosoWMwMTKMjnrG2pGxLgfiXpump,2026-09-20T16:55:37+00:00,8042.909039168721,2026-09-20T16:54:58+00:00,1,140,0,1,pump_trade_mc_band,2026-09-20T16:55:35+00:00,8038.691788753999,8.038691788754e-06,0,140,0.0,1.008081594670278,pump_trades+expand_max,1,93.0,-0.0005555555555555556
6uJZuXaxmMd9pLTdScekZWcmW9VPUyDEPWUk7gx6pump,2026-09-15T18:40:26+00:00,8285.34025607716,2026-09-15T18:40:16+00:00,1,129,0,1,pump_trade_mc_band,2026-09-15T18:40:26+00:00,8303.22932205,8.30322932205e-06,0,129,0.0,1.0073001200543117,pump_trades+expand_max,1,43.0,0.0
CbkcMXiyeZFPRNobXA62TyiLr4oJDGaAYtqEMXaQpump,2026-09-01T14:18:27+00:00,9053.600809648377,2026-09-01T14:18:27+00:00,1,446,0,1,pump_trade_mc_band,2026-09-01T14:18:27+00:00,8142.646563935999,8.142646563936e-06,0,446,0.0,1.484834558324203,pump_trades+expand_max,1,19.0,0.0
36zRb7eXSNJWBLH4TeeAoCJr1o2DRvgBqxm5gNm8pump,2026-09-02T05:20:46+00:00,8010.643860109759,2026-09-02T05:20:42+00:00,1,202,0,1,pump_trade_mc_band,2026-09-02T05:20:46+00:00,8027.490589518001,8.027490589518e-06,0,202,0.0,2.2111972267992153,pump_trades+expand_max,1,18.0,0.0
66ogGuY4suFd7R3fT7cpLYa1BYgZmRQ2WchcvDGWpump,2026-09-18T22:41:48+00:00,8096.264355877041,2026-09-18T22:41:46+00:00,1,888,0,1,pump_trade_mc_band,2026-09-18T22:41:48+00:00,8870.909796279,8.870909796279e-06,0,888,0.0,2.1065008774686547,pump_trades+expand_max,1,36.0,0.0
7uRpCQWBrKW5sLQXxcofHDFBHSz1gmD1S97Ysg4Ppump,2026-09-08T19:25:59+00:00,9148.56972734341,2026-09-08T19:25:56+00:00,1,1200,1,1,pump_trade_mc_band,2026-09-08T20:35:30+00:00,19760.061121361003,1.9760061121361e-05,0,1200,0.0,1.0879352179259514,pump_trades_post_t0,1,444.0,1.158611111111111
4eN6EbCeYj1ugpoLaBYRFXeouR3yDSAd5ULygg5Gpump,2026-09-01T18:09:33+00:00,8457.442824062713,2026-09-01T18:09:18+00:00,1,37,0,1,pump_trade_mc_band,2026-09-01T18:09:33+00:00,9279.161904205,9.279161904205e-06,0,37,0.0,0.911444687717981,pump_trades+expand_max,1,29.0,0.0
BCsJ85vdM8zA9Fyxi6sjPC6ArQkW9Fvqb2wRWWW6pump,2026-09-22T04:18:15+00:00,8322.023744480144,2026-09-22T04:17:41+00:00,1,1200,1,1,pump_trade_mc_band,2026-09-25T23:24:37+00:00,17645.186544965,1.7645186544965e-05,0,1200,0.0,1.754092257512169,pump_trades_post_t0,0,546.0,91.1061111111111
GC3BdXu2AKER5PqtwvBUqs7QBFKraSw7LZ7yL6Wrpump,2026-09-18T09:21:56+00:00,8516.036124047014,2026-09-18T09:21:25+00:00,1,1200,0,1,pump_trade_mc_band,2026-09-18T09:21:56+00:00,8403.738376407,8.403738376407e-06,0,1200,0.0,2.39757495190081,pump_trades+expand_max,1,80.0,0.0
7N52bxkwNNezT1uHQGtVc3AzxwbTuufZXWvje2Hmpump,2026-09-06T01:32:17+00:00,9350.339111263387,2026-09-06T01:32:03+00:00,1,21,0,1,pump_trade_mc_band,2026-09-06T01:32:16+00:00,9398.99287462,9.39899287462e-06,0,21,0.0,0.9948235131140495,pump_trades+expand_max,1,18.0,-0.0002777777777777778
5LYvPx37bXCtv8h2V9hmEy9Xz3N6Pn3c47gVxF3Qpump,2026-09-13T13:20:54+00:00,8012.697808780509,2026-09-13T13:17:02+00:00,1,429,0,1,pump_trade_mc_band,2026-09-13T13:20:54+00:00,8748.239523038,8.748239523038e-06,0,429,0.0,1.4361167453974872,pump_trades+expand_max,1,248.0,0.0
BmWqEsG9rA51wbmcnTNFBfUxpbHBx7tRq1AjgtYrpump,2026-09-07T07:02:00+00:00,8175.344236621759,2026-09-07T06:56:38+00:00,1,71,0,1,pump_trade_mc_band,2026-09-07T07:02:00+00:00,8466.811155173,8.466811155173e-06,0,71,0.0,1.2839304180736602,pump_trades+expand_max,1,59.0,0.0
5P2hjLcd7n28TeueHUfKJ31a4t98KMfSeCUEcDEHpump,2026-09-08T07:41:59+00:00,8580.680635863233,2026-09-08T07:41:41+00:00,1,30,0,1,pump_trade_mc_band,2026-09-08T07:41:59+00:00,11531.105312061,1.1531105312061e-05,0,30,0.0,1.2688800666843307,pump_trades+expand_max,1,26.0,0.0
GTNRdqjdkYBsVaY8t23TJ4hgwSpKsZCgr2XTgmiipump,2026-09-01T14:21:09+00:00,8304.7255854367,2026-09-01T14:20:43+00:00,1,32,0,1,pump_trade_mc_band,2026-09-01T14:21:08+00:00,8288.385706717001,8.288385706717e-06,0,32,0.0,1.0367092203509674,pump_trades+expand_max,1,10.0,-0.0002777777777777778
HwTF8egSiH5bYCnj8c1TtPezXLxhsjvf93icBhrApump,2026-09-17T18:03:34+00:00,10870.310825319557,2026-09-17T18:03:34+00:00,1,1200,1,1,pump_trade_mc_band,2026-09-17T18:53:32+00:00,8210.014364036,8.210014364036e-06,0,1200,1.0,713.3758494131467,pump_trades+expand_max,1,832.0,0.8327777777777777
5HfrG1q7CDhRnU7gseZskaA4hBvS2py7vGBhG4Fspump,2026-09-16T22:53:04+00:00,8461.59976385436,2026-09-16T22:52:35+00:00,1,1200,0,1,pump_trade_mc_band,2026-09-16T22:53:05+00:00,8216.326514156,8.216326514156e-06,0,1200,0.0,4.299581784113876,pump_trades+expand_max,1,3.0,0.0002777777777777778
GepdzcWjesiKpWk719bPJB5ExmJKGgSJtjEYmPW7pump,2026-09-01T15:06:38+00:00,9943.771662990115,2026-09-01T15:05:51+00:00,1,21,0,1,pump_trade_mc_band,2026-09-01T15:06:34+00:00,10040.297240393,1.0040297240393e-05,0,21,0.0,0.9903861832880252,pump_trades+expand_max,1,20.0,-0.0011111111111111111
7bGP47oTorATL5Vovy8XoRx4jk3LZYnCP5ohKoQ5pump,2026-09-02T00:46:16+00:00,8622.12136843292,2026-09-02T00:46:13+00:00,1,52,0,1,pump_trade_mc_band,2026-09-02T00:46:16+00:00,8824.020707749,8.824020707749e-06,0,52,0.0,0.9944664308819665,pump_trades+expand_max,1,38.0,0.0
6RZz3FZigZQPYHBvcu6LuKBQTc1vPzbru97pbxgKpump,2026-09-03T06:38:15+00:00,9146.73289295256,2026-09-03T06:31:26+00:00,1,240,0,1,pump_trade_mc_band,2026-09-03T06:38:09+00:00,9149.408057917999,9.149408057918e-06,0,240,0.0,2.042408381573845,pump_trades+expand_max,1,105.0,-0.0016666666666666668
9hZvJTWGEPqs1KymVhBTyWPwcTdeS4had5ZHW7pipump,2026-09-17T16:48:12+00:00,9067.325316235225,2026-09-17T14:52:44+00:00,1,100,0,1,pump_trade_mc_band,2026-09-17T16:48:11+00:00,9041.358902723,9.041358902723e-06,0,100,0.0,1.410708833647522,pump_trades+expand_max,1,32.0,-0.0002777777777777778
CR55NvsVjLrVgQcrNu8HAABU617va4jymL5dMY2ypump,2026-09-22T08:39:24+00:00,10558.277983989505,2026-09-22T08:39:02+00:00,1,389,0,1,pump_trade_mc_band,2026-09-22T08:39:23+00:00,10208.957260803001,1.0208957260803e-05,0,389,0.0,4.954527481291024,pump_trades+expand_max,1,40.0,-0.0002777777777777778
EcpDc615fAthRJrqfLVU52a9aWbX9co5LttYmvyQpump,2026-09-19T18:37:38+00:00,12531.297520184204,2026-09-19T18:37:06+00:00,1,70,0,1,pump_trade_mc_band,2026-09-19T18:37:37+00:00,10530.64350627,1.053064350627e-05,0,70,0.0,1.6535563448332669,pump_trades+expand_max,1,61.0,-0.0002777777777777778
FaYcyfVeELfiTMtH82GtUvewNyP2HiLTCmhfbQhUpump,2026-09-06T21:13:27+00:00,8267.466993945805,2026-09-06T21:12:51+00:00,1,1200,0,1,pump_trade_mc_band,2026-09-06T21:23:48+00:00,19971.573905673,1.9971573905673e-05,0,1200,0.0,1.4712682033075408,pump_trades+expand_max,1,93.0,0.1725
3TkiEdooMjN3WYmecohk3ANCsZYAQjcUeKp1jzuFpump,2026-09-02T07:25:28+00:00,8468.031359896362,2026-09-02T07:25:27+00:00,1,1200,0,1,pump_trade_mc_band,2026-09-02T08:42:25+00:00,19833.731012451,1.9833731012451e-05,0,1200,0.0,1.0223810725408815,pump_trades_post_t0,1,11.0,1.2825
FWkbS6GKBXcxcLuuRJ62js9BfTAQe8mh2Vn9oaRpump,2026-09-18T23:16:52+00:00,8049.687133940329,2026-09-18T23:15:44+00:00,1,225,0,1,pump_trade_mc_band,2026-09-18T23:16:52+00:00,8066.994648609,8.066994648609e-06,0,225,0.0,0.9981097845231998,pump_trades+expand_max,1,125.0,0.0
4RWwVzgyBmxtWeBDSecwpoJrGnowXQwSNtev9Wbnpump,2026-09-21T18:36:33+00:00,9065.561813778842,2026-09-21T18:36:29+00:00,1,57,0,1,pump_trade_mc_band,2026-09-21T18:36:33+00:00,9334.397115441001,9.334397115441e-06,0,57,0.0,1.0554799675245585,pump_trades+expand_max,1,19.0,0.0
GspRqyJX4BiVsMxmaFmDKfoafAhNN8ytgzCAErJRpump,2026-09-17T17:40:27+00:00,10697.307844175612,2026-09-17T17:40:17+00:00,1,1017,0,1,pump_trade_mc_band,2026-09-17T17:40:26+00:00,10669.23040959,1.066923040959e-05,0,1017,0.0,4.120443571191842,pump_trades+expand_max,1,17.0,-0.0002777777777777778
5Zykn5qMU1p3hFnd1ATYMDYAHc1sJVo6ptbc6jDBpump,2026-09-02T12:09:56+00:00,8129.7166064549565,2026-09-02T12:03:13+00:00,1,570,0,1,pump_trade_mc_band,2026-09-02T12:09:55+00:00,8129.674263608999,8.129674263609e-06,0,570,0.0,1.2012383523564116,pump_trades+expand_max,1,347.0,-0.0002777777777777778
Gf6dkGr7yMBgKvXBny1Ar22SRc6bVi3KPx9XxHVqpump,2026-09-18T06:06:22+00:00,9836.38347090679,2026-09-18T06:05:46+00:00,1,175,0,1,pump_trade_mc_band,2026-09-18T06:06:22+00:00,9817.501043311999,9.817501043312e-06,0,175,0.0,1.816087589151363,pump_trades+expand_max,1,38.0,0.0
FDQzwZnhPS1fLWKNXr2RFozd2shb3gmhjGwN5Eu2pump,2026-09-02T13:13:05+00:00,8154.943552695236,2026-09-02T13:13:01+00:00,1,67,0,1,pump_trade_mc_band,2026-09-02T13:13:05+00:00,8978.71160947,8.97871160947e-06,0,67,0.0,0.9830525063020208,pump_trades+expand_max,1,30.0,0.0
3RqN8qwAkPy1a1fE6css7NqZ3kg3TBSFzbeBCWNmpump,2026-09-11T20:44:07+00:00,8072.530645513033,2026-09-11T20:43:10+00:00,1,209,0,1,pump_trade_mc_band,2026-09-11T20:44:06+00:00,8052.308330089999,8.05230833009e-06,0,209,0.0,1.459955267502481,pump_trades+expand_max,1,72.0,-0.0002777777777777778
yxrnNHSC1QFHG9c9Q79wXkesQPQD7ZR3re6cRr1pump,2026-09-21T11:07:35+00:00,12437.299035398162,2026-09-21T11:07:35+00:00,1,1200,1,1,pump_trade_mc_band_deep,2026-09-21T11:53:31+00:00,19684.780455753,1.9684780455753e-05,0,4000,1.0,134.67426612897438,pump_trades+expand_max,1,2292.0,0.7655555555555555
F6b8qvkPhU5qQt3zs2fh65kGyW4YsDUkzfuxrB2Vpump,2026-09-17T23:32:10+00:00,12195.368890159609,2026-09-17T23:32:10+00:00,1,1200,0,1,pump_trade_mc_band,2026-09-17T23:37:51+00:00,14677.980744659,1.4677980744659e-05,0,1200,0.0,7.833970216850186,pump_trades+expand_max,1,856.0,0.09472222222222222
3LwJPT9BZLUqH2ZKyBvCLuNZgZ5K6Ps6krD7ovtjpump,2026-09-11T00:34:38+00:00,8811.444170527,2026-09-11T00:34:30+00:00,1,119,0,1,pump_trade_mc_band,2026-09-11T00:34:37+00:00,8757.834822936,8.757834822936e-06,0,119,0.0,3.2433867089603865,pump_trades+expand_max,1,14.0,-0.0002777777777777778
4Ndp9eMTxQnnoYnzWw9Kfvgd5v7zxW1E7voYT3Wxpump,2026-09-17T08:12:43+00:00,8106.340548185605,2026-09-17T08:12:27+00:00,1,475,0,1,pump_trade_mc_band,2026-09-17T08:12:43+00:00,8045.66053175,8.04566053175e-06,0,475,0.0,1.142036661214991,pump_trades+expand_max,1,122.0,0.0
ERSYJBqGsXzG8WTVWe1ufcWjs5N5sabhA8io4V6pump,2026-09-19T08:45:56+00:00,8055.318327032717,2026-09-07T21:22:22+00:00,1,1200,0,1,pump_trade_mc_band,2026-09-19T09:00:39+00:00,10348.565295708,1.0348565295708e-05,0,1200,0.0,2.5875064497264733,pump_trades+expand_max,0,1.0,0.2452777777777778
9ApS1vkNYMrdSibKoCud7gYX99soSBe9KHjoBWhDpump,2026-09-03T08:36:20+00:00,9375.35462253294,2026-09-03T08:36:14+00:00,1,1200,1,0,never_in_band,,,,1,4000,,,,0,,
oxTKyoS5mtMwvLsWdS13MfTXqBx2SknEPA3zNzupump,2026-09-03T12:46:39+00:00,8031.09772076772,2026-09-03T12:46:37+00:00,1,51,0,1,pump_trade_mc_band,2026-09-03T12:46:39+00:00,8016.271296934,8.016271296934e-06,0,51,0.0,1.0018495411750086,pump_trades+expand_max,1,15.0,0.0
FLViWWJxGFcmA2XBeuE7ZHAtcg832GZH69yT5p1Bpump,2026-09-20T01:04:04+00:00,9796.932548346773,,1,0,0,0,no_trades,,,,1,0,,,,0,,
BFTQqA8QF38ZYgqDHtrqZWgvDLgrb68caEvNusXpump,2026-09-10T07:27:31+00:00,8609.930260102494,2026-09-10T07:27:17+00:00,1,248,0,1,pump_trade_mc_band,2026-09-10T07:27:30+00:00,8592.455393564,8.592455393564e-06,0,248,0.0,1.2644516225232263,pump_trades+expand_max,1,17.0,-0.0002777777777777778
CjdG5xajBHJV5KQSz6EFnkM1GLT67aeuMPR8enE9pump,2026-09-20T04:22:37+00:00,19944.67792180499,2026-09-20T04:22:30+00:00,1,898,0,1,pump_trade_mc_band,2026-09-20T04:22:37+00:00,18709.11638858,1.870911638858e-05,0,898,0.0,6.164471245723287,pump_trades+expand_max,1,16.0,0.0
Ahezdv3CTkBM5w3jG7vKdk12cM332ThzXkQbSA7pump,2026-09-14T15:40:54+00:00,10932.475884269325,2026-09-14T15:40:54+00:00,1,1200,1,1,pump_trade_mc_band,2026-09-14T16:52:18+00:00,8164.791687393001,8.164791687393e-06,0,1200,0.0,0.2981136521801675,pump_trades_post_t0,1,371.0,1.19
8WK9KEZCiBseA2VxEb9yp7UPePM3WCsin8PDp4R1pump,2026-09-18T12:08:04+00:00,8580.146410694846,2026-09-18T12:07:13+00:00,1,168,0,1,pump_trade_mc_band,2026-09-18T12:08:04+00:00,11259.813318301,1.1259813318301e-05,0,168,0.0,3.5503882637064987,pump_trades+expand_max,1,84.0,0.0
m3CJWGm6Vkpdf1aEEtmyLbvBAbvYU1Qj97xfxXdpump,2026-09-18T15:13:47+00:00,11754.55519831193,2026-09-18T15:13:47+00:00,0,0,1,0,never_in_band,,,,1,4000,,,,0,,
D9dyVQzMUG1VEJ423FBZJjE8s7y7t5GLwzTY26pPpump,2026-09-15T00:49:36+00:00,9814.307987249957,2026-09-15T00:49:36+00:00,1,1200,1,1,pump_trade_mc_band_deep,2026-09-15T00:55:37+00:00,15903.517169729002,1.5903517169729e-05,0,4000,0.0,9.235184225757092,pump_trades+expand_max,1,1883.0,0.10027777777777777
8e9dp8dQNBMJorZ9ordrYqDrSJfqHD57Q8FZpeoqpump,2026-09-01T05:41:20+00:00,10420.102241973593,2026-09-01T05:41:16+00:00,1,147,0,1,pump_trade_mc_band,2026-09-01T05:41:20+00:00,11428.429232276001,1.1428429232276e-05,0,147,0.0,1.4181235716500427,pump_trades+expand_max,1,9.0,0.0
RCLi3Q5gRpqf5uK2UdXuHyJK4ejSPzTxptAG8dWpump,2026-09-18T16:13:33+00:00,11920.685959298376,2026-09-18T16:13:33+00:00,1,1200,1,1,pump_trade_mc_band,2026-09-18T23:07:30+00:00,8052.882086274,8.052882086274e-06,0,1200,0.0,0.5427395492538806,pump_trades_post_t0,1,1185.0,6.899166666666667
A58NHnLZfy32hb3WxLA9MU2rdURCzVmGVKpWKTycpump,2026-09-11T23:19:48+00:00,8841.153721886774,2026-09-11T23:19:29+00:00,1,80,0,1,pump_trade_mc_band,2026-09-11T23:19:46+00:00,8901.080162514,8.901080162514e-06,0,80,0.0,1.0322241663756668,pump_trades+expand_max,1,7.0,-0.0005555555555555556
ACLrHVkMgxmEX6hYmHWWLepkMdBAWyCLCTGqWMXEpump,2026-09-21T16:25:26+00:00,8213.265684831158,2026-09-21T16:25:11+00:00,1,336,0,1,pump_trade_mc_band,2026-09-21T16:25:26+00:00,8121.840295283,8.121840295283e-06,0,336,0.0,1.0185954231291294,pump_trades+expand_max,1,110.0,0.0
91CtmxBdSXd8K5SFq9k869sTu2xLb3CkYxQZF6uxpump,2026-09-19T23:32:29+00:00,8344.335181839237,2026-09-19T23:32:19+00:00,1,111,0,1,pump_trade_mc_band,2026-09-19T23:32:28+00:00,8334.334054998,8.334334054998e-06,0,111,0.0,1.3220921986305774,pump_trades+expand_max,1,15.0,-0.0002777777777777778
Et77kLTTvH7gmfcByyiuBBMtuEPRyj5RWpVinvYfpump,2026-09-05T15:11:18+00:00,8313.275079916222,2026-09-05T15:11:06+00:00,1,159,0,1,pump_trade_mc_band,2026-09-05T15:11:18+00:00,8343.899282335,8.343899282335e-06,0,159,0.0,1.3227815804783187,pump_trades+expand_max,1,21.0,0.0
E2v1L2Jp5yQbszjzEsgyp5Nin6f2B9QyEX7TfEdmpump,2026-09-20T15:04:33+00:00,8214.625026567503,2026-09-20T15:04:28+00:00,1,348,0,1,pump_trade_mc_band,2026-09-20T15:04:33+00:00,8232.873849722,8.232873849722e-06,0,348,0.0,1.2924083859637043,pump_trades+expand_max,1,88.0,0.0
o8SkZTczmwYdb1nnjvqyFPuEZGEZqmnn2kGEVYgpump,2026-09-11T15:45:13+00:00,11062.165058974871,2026-09-11T15:45:13+00:00,1,1200,1,1,pump_trade_mc_band,2026-09-11T17:11:43+00:00,8070.624464942999,8.070624464943e-06,0,1200,0.0,0.2625983641885347,pump_trades_post_t0,1,911.0,1.4416666666666667
EJFmDnKZysY55cM1RN8VeP63gT2EGZvPWtmdnxXspump,2026-09-17T22:41:18+00:00,8059.711321007906,2026-09-17T22:39:50+00:00,1,631,0,1,pump_trade_mc_band,2026-09-17T22:41:18+00:00,8094.197005799001,8.094197005799e-06,0,631,0.0,1.289729517507031,pump_trades+expand_max,1,212.0,0.0
N8R71WeXN5iLyVRNJTTRgTCvsLnkbRVNVHBZsbcpump,2026-09-14T02:12:48+00:00,10755.627009670849,2026-09-14T02:12:48+00:00,1,1200,1,1,pump_trade_mc_band_deep,2026-09-15T12:11:09+00:00,8334.936474880999,8.334936474881e-06,0,1800,0.0,0.4949655180876351,pump_trades_post_t0,0,422.0,33.9725
G8cqUSZKy1ZNFefo4ysTskGqn6ifMHuK8Rf1oWpJpump,2026-09-14T06:10:18+00:00,8632.059492419025,2026-09-14T06:10:18+00:00,1,1200,0,1,pump_trade_mc_band,2026-09-14T06:24:27+00:00,13253.651862354,1.3253651862354e-05,0,1200,0.0,5.214985863314116,pump_trades+expand_max,1,1002.0,0.23583333333333334
3o4BREFbAd8EkWeUmb4x3kDv15YMmpk3TZ31pLfkpump,2026-09-22T14:12:12+00:00,9051.938097591094,2026-09-22T14:11:58+00:00,1,66,0,1,pump_trade_mc_band,2026-09-22T14:12:11+00:00,9077.325685481,9.077325685481e-06,0,66,0.0,1.015914617937204,pump_trades+expand_max,1,21.0,-0.0002777777777777778
8P8394sRwx7YAvBeJ4EBbgpfiqprMNdBdKvCw9tfpump,2026-09-05T01:00:34+00:00,8521.018211085937,2026-09-05T01:00:22+00:00,1,69,0,1,pump_trade_mc_band,2026-09-05T01:00:34+00:00,8529.977355850999,8.529977355851e-06,0,69,0.0,1.0024097539146557,pump_trades+expand_max,1,26.0,0.0
9kp6hPwK4HgPm41HWP2tWXMTyP7VoYeQC3bX6MtApump,2026-09-12T22:07:34+00:00,8188.441677879736,2026-09-12T22:06:39+00:00,1,233,0,1,pump_trade_mc_band,2026-09-12T22:07:34+00:00,8219.203100742,8.219203100742e-06,0,233,0.0,0.9962573716106995,pump_trades+expand_max,1,38.0,0.0
B6zeAxjAohmSdodmBtrZba6zJ4FVSM89BYi8uRkJpump,2026-09-22T07:49:24+00:00,8272.408983540374,2026-09-22T07:49:16+00:00,1,106,0,1,pump_trade_mc_band,2026-09-22T07:49:23+00:00,8286.047268472,8.286047268472e-06,0,106,0.0,5.216909666041096,pump_trades+expand_max,1,12.0,-0.0002777777777777778
6V3Av8gjW5n2nxpvoVNcqwbm67kzNta4ZY25uLBwpump,2026-09-08T20:03:04+00:00,8066.128243658842,2026-09-08T20:02:33+00:00,1,472,0,1,pump_trade_mc_band,2026-09-08T20:03:03+00:00,8019.889462038,8.019889462038e-06,0,472,0.0,1.1992885532862256,pump_trades+expand_max,1,203.0,-0.0002777777777777778
J2eSxRwHeRZ4aKPPvZN77YZy8cbztLfd8cvEzxMopump,2026-09-22T03:46:56+00:00,8014.724506038759,2026-09-22T03:46:46+00:00,1,1200,0,1,pump_trade_mc_band,2026-09-22T03:48:46+00:00,19262.678396913998,1.9262678396914e-05,0,1200,0.0,1.4867973789728153,pump_trades+expand_max,1,1.0,0.030555555555555555
cdi9a3qxxL6oh4hT41VRVmkg3sL3v8jHSAXs78upump,2026-09-19T10:14:30+00:00,11974.276527358516,2026-09-19T10:14:30+00:00,1,1200,1,1,pump_trade_mc_band_deep,2026-09-19T10:51:10+00:00,15116.34706674,1.511634706674e-05,0,4000,1.0,23.401867315106454,pump_trades+expand_max,1,2417.0,0.6111111111111112
GMH3PPCQb6dKdEGGoaa14rPVVGuUFAqGgNd5PY2Qpump,2026-09-09T23:45:01+00:00,8540.05161748017,2026-09-09T23:44:23+00:00,1,39,0,1,pump_trade_mc_band,2026-09-09T23:44:58+00:00,8574.030555301,8.574030555301e-06,0,39,0.0,1.0759235321971798,pump_trades+expand_max,1,6.0,-0.0008333333333333334
CDcm7bqj6rvienyKL3wrK8eDyjVSaKpGtQ5c9ZVpump,2026-09-13T02:53:00+00:00,10936.763129714136,2026-09-13T02:53:00+00:00,1,1200,1,1,pump_trade_mc_band_deep,2026-09-13T03:01:45+00:00,18369.491767019,1.8369491767019e-05,0,4000,1.0,83.76425516396193,pump_trades+expand_max,1,1592.0,0.14583333333333334
JAMUHVkZ2td4kPmihRQ4SY3t6snbygg8evwfpMRRpump,2026-09-18T19:28:44+00:00,8095.14075322314,2026-09-18T18:32:13+00:00,1,1200,0,1,pump_trade_mc_band,2026-09-18T22:07:50+00:00,10058.695978822,1.0058695978822e-05,0,1200,0.0,1.740313680263164,pump_trades_post_t0,1,59.0,2.651666666666667
FELNbQDjrYcgiK3Fa2cWDKtvCm7KJydFPzBVDPCTpump,2026-09-03T00:45:47+00:00,9192.314258324395,2026-09-03T00:45:43+00:00,1,12,0,1,pump_trade_mc_band,2026-09-03T00:45:47+00:00,10568.038904187,1.0568038904187e-05,0,12,0.0,1.1363031887971475,pump_trades+expand_max,1,8.0,0.0
CSDiAUUUuUbqizvSrMzbaEhsw9FKJNX3coxoA4Aupump,2026-09-12T12:55:52+00:00,8729.27042221321,2026-09-12T12:55:20+00:00,0,0,0,1,pump_trade_mc_band_deep,2026-09-12T13:36:42+00:00,10127.771432152,1.0127771432152e-05,0,300,0.0,1.6328330440028302,pump_trades+expand_max,1,94.0,0.6805555555555556
bgAVGevesjpD2zXkpH7P1wWYBPeVF9wZ7uYdhNXpump,2026-09-20T10:22:59+00:00,8219.796970746182,2026-09-20T10:21:50+00:00,1,541,0,1,pump_trade_mc_band,2026-09-20T10:22:59+00:00,8552.215674803001,8.552215674803e-06,0,541,0.0,2.675355289092969,pump_trades+expand_max,1,83.0,0.0
E6GPEDbtSvnxCVma1BoYM7QSbe1oZWzFrG1ciSoVpump,2026-09-22T03:04:30+00:00,16686.28741387679,,0,0,0,1,pump_trade_mc_band_deep,2026-09-22T03:04:30+00:00,16609.381332904002,1.6609381332904e-05,0,2,0.0,1.004630279685399,pump_trades+expand_max,0,1.0,0.0
8JnpQCoqeR78vSTHinF9SHsMNgUyAjjytrXCW3Gcpump,2026-09-17T07:09:32+00:00,8096.005326633125,2026-09-17T07:09:21+00:00,1,971,0,1,pump_trade_mc_band,2026-09-17T07:09:29+00:00,8128.937828681,8.128937828681e-06,0,971,0.0,2.294301640828539,pump_trades+expand_max,1,5.0,-0.0008333333333333334
Egw4ToMbNmtZNzSRc2Gyty4azc29Jx2NtAy3JK3Tpump,2026-09-18T03:40:12+00:00,8672.642236032765,2026-09-18T03:40:00+00:00,1,9,0,1,pump_trade_mc_band,2026-09-18T03:40:10+00:00,8696.811731529999,8.69681173153e-06,0,9,0.0,0.9972208786112262,pump_trades+expand_max,1,6.0,-0.0005555555555555556
EfBP2LG9Ybsuj19Umu3pCpUs1RQK5duHBP5Ei2Qpump,2026-09-17T01:50:15+00:00,8816.79152405234,2026-09-17T01:50:07+00:00,1,18,0,1,pump_trade_mc_band,2026-09-17T01:50:14+00:00,8818.403213603999,8.818403213604e-06,0,18,0.0,1.108100494047993,pump_trades+expand_max,1,10.0,-0.0002777777777777778
8ttMDmvJvok5kvDGMyHjX63oDAu3PpNCSPf5D8M8pump,2026-09-14T07:45:45+00:00,18885.02755531008,2026-09-14T07:45:45+00:00,1,1104,0,1,pump_trade_mc_band,2026-09-14T07:45:45+00:00,14558.958480262,1.4558958480262e-05,0,1104,0.0,4.689675594595989,pump_trades+expand_max,1,19.0,0.0
BL62oAsrr1yKbgDWsHQLwuKuKkimnqUNgN5tCYyUpump,2026-09-22T20:26:55+00:00,8292.271576225497,2026-09-22T20:26:50+00:00,1,69,0,1,pump_trade_mc_band,2026-09-22T20:26:55+00:00,8279.24812746,8.27924812746e-06,0,69,0.0,1.002139131208794,pump_trades+expand_max,1,49.0,0.0
7Qhpb6ZnAWFTHa82UD7DGsFtWFB767wwfiuEGFAQpump,2026-09-04T01:02:47+00:00,9233.590273844598,2026-09-04T01:02:42+00:00,1,20,0,1,pump_trade_mc_band,2026-09-04T01:02:47+00:00,11406.227368184,1.1406227368184e-05,0,20,0.0,0.9651354701742952,pump_trades+expand_max,1,15.0,0.0
CDzwZMk7APvzhTUiFQQxudT876UbDpaaCgtUKPyFpump,2026-09-03T09:20:06+00:00,8907.78561666751,2026-09-03T09:20:00+00:00,1,536,0,1,pump_trade_mc_band,2026-09-03T09:20:06+00:00,8822.832919141,8.822832919141e-06,0,536,0.0,1.0597347119053584,pump_trades+expand_max,1,63.0,0.0
GFuZQ9uLqMHStxnKKwyPGpxd5nFApFDyL1m2uZJdpump,2026-09-12T13:13:29+00:00,8151.270619551032,,1,272,0,1,pump_trade_mc_band,2026-09-12T13:13:28+00:00,8039.138279418999,8.039138279419e-06,0,272,0.0,1.5479860584184877,pump_trades+expand_max,0,51.0,-0.0002777777777777778
DS56SspvqkhyBEbvBgQ6hFhDpNmPFvchSYuQMvRupump,2026-09-11T12:03:16+00:00,9494.498598416076,2026-09-11T11:59:47+00:00,1,42,0,1,pump_trade_mc_band,2026-09-11T12:03:11+00:00,9474.3327885,9.4743327885e-06,0,42,0.0,1.0060801826721688,pump_trades+expand_max,1,33.0,-0.001388888888888889
GMnogepqEWbGVspH6CnBcWiJvweHyTbG73HX3KYjpump,2026-09-02T03:52:19+00:00,8085.781618328358,2026-09-02T03:52:04+00:00,1,415,0,1,pump_trade_mc_band,2026-09-02T03:52:19+00:00,8696.723622403999,8.696723622404e-06,0,415,0.0,1.6566593909720444,pump_trades+expand_max,1,46.0,0.0
4wrvaShxjpgba7BJEX8DSQdfNyy9vBsn3wF5Tkdspump,2026-09-12T00:30:27+00:00,8572.788791291872,2026-09-12T00:30:16+00:00,1,149,0,1,pump_trade_mc_band,2026-09-12T00:30:26+00:00,8591.166464588001,8.591166464588e-06,0,149,0.0,1.356432369430622,pump_trades+expand_max,1,29.0,-0.0002777777777777778
GfrmhhzgAuA6qdvaNt7K6CtPuPsRfwegBzkb3HM8pump,2026-09-20T06:33:46+00:00,9274.82263398443,2026-09-20T06:33:35+00:00,1,127,0,1,pump_trade_mc_band,2026-09-20T06:33:45+00:00,9268.589817242,9.268589817242e-06,0,127,0.0,3.962934366210714,pump_trades+expand_max,1,15.0,-0.0002777777777777778
Da2BZdBXq2Qx6zsKPSKxsG8zewHNtpHrVDjBA7wfpump,2026-09-21T20:05:21+00:00,8008.270220550492,2026-09-21T20:04:45+00:00,1,273,0,1,pump_trade_mc_band,2026-09-21T20:05:21+00:00,8159.727572227001,8.159727572227e-06,0,273,0.0,1.0115378530874535,pump_trades+expand_max,1,157.0,0.0
CJBeZYqq1jbns4SJ8bRgrX524d1p6nsbyGe7PjoMpump,2026-09-19T00:11:54+00:00,13012.864907940597,2026-09-19T00:11:03+00:00,1,145,0,1,pump_trade_mc_band,2026-09-19T00:11:53+00:00,8551.108381659,8.551108381659e-06,0,145,0.0,1.881374749089989,pump_trades+expand_max,1,93.0,-0.0002777777777777778
DbAH2xv69nUXgjwtuX2fhFkcLvEqcg8yR5Rnsu9mpump,2026-09-01T22:11:25+00:00,8010.50458578472,2026-09-01T22:11:17+00:00,1,58,0,1,pump_trade_mc_band,2026-09-01T22:11:25+00:00,8342.656738785,8.342656738785e-06,0,58,0.0,1.032316339145492,pump_trades+expand_max,1,33.0,0.0
Au6VWMSGGsMT87gZSjuP4Hua5Uk2zJCRATvQQQXLpump,2026-09-11T16:46:47+00:00,8039.705366674184,2026-09-11T16:40:30+00:00,1,433,0,1,pump_trade_mc_band,2026-09-11T16:46:47+00:00,8030.870503913,8.030870503913e-06,0,433,0.0,1.0585720662286617,pump_trades+expand_max,1,177.0,0.0
CdLvFZSZowjsRcMum7Br6gZ3VDvnyvBcu7K8L9Pspump,2026-09-21T15:32:51+00:00,8137.666469864868,,1,83,0,1,pump_trade_mc_band,2026-07-24T04:18:45+00:00,12956.193138839,1.2956193138839e-05,0,83,0.0,1.0349633073887312,pump_trades+expand_max,0,1.0,-1427.235
7jcUNENVbAcdLTu2vdcg61ErGSNSh4v41stSXYe6pump,2026-09-07T12:21:36+00:00,8016.847055799514,2026-09-07T12:21:06+00:00,1,259,0,1,pump_trade_mc_band,2026-09-07T12:21:36+00:00,8071.7421822900005,8.07174218229e-06,0,259,0.0,1.1436370570041017,pump_trades+expand_max,1,142.0,0.0
DLFqN6VBD6jH1YdMwYjF3J2uFQv5ewHF4TFvimxNpump,2026-09-08T04:57:16+00:00,19532.83001727348,2026-09-08T04:57:16+00:00,1,1200,0,1,pump_trade_mc_band,2026-09-08T05:00:46+00:00,19007.310992474002,1.9007310992474e-05,0,1200,0.0,3.563703889973693,pump_trades+expand_max,1,821.0,0.058333333333333334
wDuF5Goqqx6Xevu5mikZJKHBFCRiHHedQyEWfqVpump,2026-09-17T17:04:20+00:00,9783.430237112,2026-09-17T17:04:19+00:00,1,167,0,1,pump_trade_mc_band,2026-09-17T17:04:20+00:00,10013.372519333,1.0013372519333e-05,0,167,0.0,1.4709529816405078,pump_trades+expand_max,1,29.0,0.0
6vVGcWurerjbxt3XqgsMFUsmi1XpsKiNxvorvRTXpump,2026-09-16T12:03:30+00:00,9634.202333471894,2026-09-16T12:02:42+00:00,1,378,0,1,pump_trade_mc_band,2026-09-16T12:03:30+00:00,12380.293780954,1.2380293780954e-05,0,378,0.0,0.9994708735908059,pump_trades+expand_max,1,143.0,0.0
HHQj1wtNkn7T99RpMiqhpkgHfccqXiUoCmP1kr6Npump,2026-09-08T01:18:28+00:00,8179.129383857251,2026-09-08T01:18:15+00:00,1,180,0,1,pump_trade_mc_band,2026-09-08T01:18:28+00:00,9363.993357754001,9.363993357754e-06,0,180,0.0,1.060468653343194,pump_trades+expand_max,1,58.0,0.0
9XCb3DrH1YSEkV1uNP9B31sRATpsAeuJ9Bkd5DuSpump,2026-09-21T21:11:01+00:00,8307.959810010134,2026-09-21T21:10:48+00:00,1,206,0,1,pump_trade_mc_band,2026-09-21T21:11:00+00:00,8331.008442583,8.331008442583e-06,0,206,0.0,1.0001216439753944,pump_trades+expand_max,1,25.0,-0.0002777777777777778
FzgUnx7YfS1H1qNrKGLQtYMBJVDvcoryjNNXBMEqpump,2026-09-22T16:36:50+00:00,8301.792645851738,2026-09-22T16:34:19+00:00,1,1200,0,1,pump_trade_mc_band,2026-09-22T16:43:45+00:00,14311.762667185,1.4311762667185e-05,0,1200,0.0,2.2959458483781243,pump_trades+expand_max,1,2.0,0.11527777777777778
CWyYQztzNdsfRDUhbXQxbXhDVd32mxQgD1BdyCVRpump,2026-09-18T03:05:46+00:00,11289.60516112359,2026-09-18T03:05:46+00:00,1,1200,0,1,pump_trade_mc_band,2026-09-18T03:13:28+00:00,10084.169511118,1.0084169511118e-05,0,1200,0.0,8.26643616790727,pump_trades+expand_max,1,871.0,0.12833333333333333
2ZVkAKrNYvm3EBmetiActqZWgqTJfyKwLwHPnB1Ppump,2026-09-08T14:47:08+00:00,9934.685050782506,2026-09-08T14:28:31+00:00,1,78,0,1,pump_trade_mc_band,2026-09-08T14:47:00+00:00,9934.207997738,9.934207997738e-06,0,78,0.0,1.6717774077416117,pump_trades+expand_max,1,37.0,-0.0022222222222222222
HGrQWPtumcS3wLrZm36VZ2r66gf46ndCwqAJntLCpump,2026-09-16T11:42:15+00:00,19853.033531558805,2026-09-16T11:41:46+00:00,1,1200,1,0,never_in_band,,,,1,4000,,,,0,,
5ZGi6Abqbjmn1vcL13dNebE2GW46hWQ2jpFsD9BUpump,2026-09-13T22:00:07+00:00,10766.619225145369,2026-09-13T22:00:07+00:00,1,269,0,1,pump_trade_mc_band,2026-09-13T22:00:07+00:00,14967.333261370999,1.4967333261371e-05,0,269,0.0,3.039673734342927,pump_trades+expand_max,1,13.0,0.0
2WvanxFFjCQDRzgYBr4grFuQdwpr157vjw49vDXwpump,2026-09-04T12:25:41+00:00,8768.105592669268,2026-09-04T12:25:35+00:00,1,9,0,1,pump_trade_mc_band,2026-09-04T12:25:39+00:00,8394.495832798999,8.394495832799e-06,0,9,0.0,2.6632752102841293,pump_trades+expand_max,1,5.0,-0.0005555555555555556
CiB3LYpD2rPjxsZk1VwqqBWS3R4ZYMdvFY7Dbwq2pump,2026-09-20T09:34:30+00:00,9267.348959745475,2026-09-20T09:33:31+00:00,1,339,1,1,pump_trade_mc_band,2026-09-20T09:34:29+00:00,9316.081182744,9.316081182744e-06,0,339,1.0,25.28032925957777,pump_trades+expand_max,1,57.0,-0.0002777777777777778
2kxK8xhxbRPjDRy1v6pikSp8cbtzkPVyFykv2o1upump,2026-09-21T21:46:25+00:00,9474.863727316157,2026-09-21T21:46:07+00:00,1,115,0,1,pump_trade_mc_band,2026-09-21T21:46:24+00:00,9490.490196855999,9.490490196856e-06,0,115,0.0,1.1314506960487964,pump_trades+expand_max,1,33.0,-0.0002777777777777778
21j2g5mHx8eypx9iQ6frrZXJtnhGZutrhXnFp1cBpump,2026-09-14T17:36:50+00:00,10487.327920713073,2026-09-14T17:36:15+00:00,1,107,0,1,pump_trade_mc_band,2026-09-14T17:36:49+00:00,8065.711114874999,8.065711114875e-06,0,107,0.0,2.1689612327126,pump_trades+expand_max,1,93.0,-0.0002777777777777778
ZEUdfXDoAbYBqfssKvXBLinPN46EWQvdRJKbXw7pump,2026-09-02T20:44:05+00:00,10706.323687055516,2026-09-02T20:44:05+00:00,1,1200,1,1,pump_trade_mc_band_deep,2026-09-03T00:48:27+00:00,16335.249260235,1.6335249260235e-05,0,3600,0.0,0.9974870907631066,pump_trades_post_t0,1,1578.0,4.072777777777778
59FNnUASYnBKTssgiCpHomFQ7PBvLiUH6xhZfPnzpump,2026-09-19T14:25:54+00:00,8668.10077167824,2026-09-19T14:25:49+00:00,1,471,0,1,pump_trade_mc_band,2026-09-19T14:25:54+00:00,9914.236061959,9.914236061959e-06,0,471,0.0,1.2434896921972225,pump_trades+expand_max,1,61.0,0.0
7rdC9ypT8bV63UZNUfhx9DNrjk1Yn6dgfNcDmzkgpump,2026-09-12T06:06:33+00:00,8693.614792753116,2026-09-12T06:06:05+00:00,1,93,0,1,pump_trade_mc_band,2026-09-12T06:06:32+00:00,8705.094983068999,8.705094983069e-06,0,93,0.0,3.4114119266313145,pump_trades+expand_max,1,35.0,-0.0002777777777777778
2kBGfCrDMGQgVxAC9Vrw1bp2vruNeXJjUGtYFHA7pump,2026-09-11T15:50:22+00:00,8317.872824861874,2026-09-11T15:48:45+00:00,1,80,0,1,pump_trade_mc_band,2026-09-11T15:50:21+00:00,8239.333773004999,8.239333773005e-06,0,80,0.0,1.1346317743093968,pump_trades+expand_max,1,50.0,-0.0002777777777777778
Dx7ef1qB7Fn6xzS2aSvgKe2qaAzvgc98vLwijKA4pump,2026-09-21T18:32:38+00:00,8829.368923182114,2026-09-21T18:32:29+00:00,1,1200,0,1,pump_trade_mc_band,2026-09-21T18:32:38+00:00,8849.367821071,8.849367821071e-06,0,1200,0.0,1.9350309354824153,pump_trades+expand_max,1,89.0,0.0
FjMfH2ua9TeALoThm3Rsd3FJmSEecHvuQ6icXh95pump,2026-09-18T01:45:47+00:00,8164.832071104222,2026-09-18T01:45:31+00:00,1,428,0,1,pump_trade_mc_band,2026-09-18T01:45:47+00:00,8515.163951333,8.515163951333e-06,0,428,0.0,1.403329960200163,pump_trades+expand_max,1,88.0,0.0
6SmMfsB8Db2T7PUZMogQMwTsfubgMdxYUbMoZqD4pump,2026-09-08T10:23:51+00:00,8232.122192975803,2026-09-08T10:23:51+00:00,1,974,0,1,pump_trade_mc_band,2026-09-08T10:23:51+00:00,17077.182129869,1.7077182129869e-05,0,974,0.0,2.745311731775834,pump_trades+expand_max,1,27.0,0.0
5VTFqK9xJbsv99CmLcxmmJbKba1YV8G9i3A9tJdRpump,2026-09-14T02:50:57+00:00,9020.320533933167,2026-09-14T02:50:27+00:00,1,150,0,1,pump_trade_mc_band,2026-09-14T02:50:56+00:00,9020.053090038,9.020053090038e-06,0,150,0.0,2.4413891606660405,pump_trades+expand_max,1,39.0,-0.0002777777777777778
otsy54Ji8vPqkBEQudeEeTApm69juBvgVctNjBXpump,2026-09-14T07:59:10+00:00,10883.172561653992,2026-09-14T07:59:10+00:00,1,1200,1,1,pump_trade_mc_band_deep,2026-09-15T02:35:55+00:00,8153.710301673001,8.153710301673e-06,0,2900,0.0,0.2565475356811237,pump_trades_post_t0,1,1187.0,18.6125
CKVeBWhdc1AFeUyxECaWhtnm1wb69sns573P1gADpump,2026-09-09T20:55:38+00:00,9137.049008326634,,1,0,0,0,no_trades,,,,1,0,,,,0,,
Az8ZEqZrr9afa9WzNf99LwUrwsPqZhPfDJRMM4Sypump,2026-09-19T22:59:37+00:00,8027.349229698899,2026-09-19T22:59:26+00:00,1,564,0,1,pump_trade_mc_band,2026-09-19T22:59:36+00:00,8024.614360021,8.024614360021e-06,0,564,0.0,2.237296758343789,pump_trades+expand_max,1,17.0,-0.0002777777777777778
8UgXmzJnJLWdP7pvPVedmEe87Jtnq7YbzB3JjSSzpump,2026-09-14T12:47:16+00:00,8933.557528077768,2026-09-14T12:46:58+00:00,1,121,0,1,pump_trade_mc_band,2026-09-14T12:47:15+00:00,8994.927726174,8.994927726174e-06,0,121,0.0,0.9931772438907259,pump_trades+expand_max,1,26.0,-0.0002777777777777778
DFGT2LW7NVaHUdns2WHEJNkY4n2wnEPPWF8PJY6Zpump,2026-09-14T14:40:14+00:00,10274.847097283036,2026-09-14T14:39:10+00:00,1,119,0,1,pump_trade_mc_band,2026-09-14T14:40:13+00:00,10289.790131111,1.0289790131111e-05,0,119,0.0,0.9985477805049897,pump_trades+expand_max,1,116.0,-0.0002777777777777778
3NamAb4of8oNRAF4ihqPM9y41EgjV7huuR9uGT8mpump,2026-09-22T17:06:47+00:00,8184.3532317991585,2026-09-22T17:06:29+00:00,1,89,0,1,pump_trade_mc_band,2026-09-22T17:06:47+00:00,8201.57427931,8.20157427931e-06,0,89,0.0,1.0979628593986952,pump_trades+expand_max,1,27.0,0.0
6qHAAXJwd4DhMg4fFARfyBacEEhnWgxYZk3o1RBpump,2026-09-18T00:47:14+00:00,10841.371918567078,2026-09-18T00:47:14+00:00,1,1200,1,1,pump_trade_mc_band_deep,2026-09-18T00:53:11+00:00,17639.854095922998,1.7639854095923e-05,0,4000,1.0,36.664900681812156,pump_trades+expand_max,1,2166.0,0.09916666666666667
8UTn7zhMyGj9ZMFvcpJZxDWpenTUWEnYtDBF8Gyhpump,2026-09-12T02:38:26+00:00,8094.775047003713,2026-09-12T02:38:03+00:00,1,142,0,1,pump_trade_mc_band,2026-09-12T02:38:18+00:00,8019.03856097,8.01903856097e-06,0,142,0.0,1.1565436457630842,pump_trades+expand_max,1,44.0,-0.0022222222222222222
84iysEpgZ4k5HDeAJYwf78XU4UxkfbJctxvBzudgpump,2026-09-13T15:18:04+00:00,8592.975552005273,2026-09-13T15:17:42+00:00,1,389,0,1,pump_trade_mc_band,2026-09-13T15:18:04+00:00,12217.349937748,1.2217349937748e-05,0,389,0.0,0.9996291300829043,pump_trades+expand_max,1,46.0,0.0
HMVTc83Ebu5jiHXnoLVpbF7qFvrkDBwjFFPmFCdepump,2026-09-21T19:51:18+00:00,8492.095193740295,2026-09-21T19:48:24+00:00,1,745,0,1,pump_trade_mc_band,2026-09-21T19:51:18+00:00,8523.84401643,8.52384401643e-06,0,745,0.0,1.276449667055959,pump_trades+expand_max,1,259.0,0.0
E9FASb6hdHBedGCiJ3KzzBmCirK1G8VfAHHBq2AKpump,2026-09-22T21:43:00+00:00,9173.63633889473,2026-09-22T21:43:00+00:00,1,1200,0,1,pump_trade_mc_band_deep,2026-09-22T21:43:00+00:00,9190.731509065,9.190731509065e-06,0,2817,0.0,8.79472243424757,pump_trades+expand_max,1,7.0,0.0
AJba6TsLSNzpYHRajPBppEWiH8AFp43cxAefwMJ5pump,2026-09-18T16:38:55+00:00,11079.140944619285,,1,32,0,1,pump_trade_mc_band,2026-09-18T16:38:55+00:00,11212.900761164,1.1212900761164e-05,0,32,0.0,1.4555830553711935,pump_trades+expand_max,0,22.0,0.0
75MW7dssSQCdjrVy4bLBgxZy7mSaRpsRG78Fstxwpump,2026-09-16T23:32:45+00:00,8491.837608233574,2026-09-16T23:32:29+00:00,1,36,0,1,pump_trade_mc_band,2026-09-16T23:32:44+00:00,8484.660008548,8.484660008548e-06,0,36,0.0,1.0764918642493804,pump_trades+expand_max,1,24.0,-0.0002777777777777778
DSyDhNr5bctuyXDf7sm6kn1yog636bPXyy5LH36upump,2026-09-02T02:41:37+00:00,8245.440462091858,2026-09-02T02:41:10+00:00,1,987,0,1,pump_trade_mc_band,2026-09-02T02:41:37+00:00,8546.869148901,8.546869148901e-06,0,987,0.0,1.414703683331078,pump_trades+expand_max,1,71.0,0.0
YXCFR4inZdkuyfRRndqNHUzANuZqMjTtCHh32P3pump,2026-09-20T17:31:34+00:00,8097.4908123526,2026-09-20T17:31:25+00:00,1,644,0,1,pump_trade_mc_band,2026-09-20T17:31:25+00:00,8014.748209466001,8.014748209466e-06,0,644,0.0,1.3145601659711994,pump_trades+expand_max,1,8.0,-0.0025
4eekeLw2WhYeeUrUNwy7jm4Uck6CG9c89neqeS3xpump,2026-09-16T20:21:27+00:00,9482.558472150888,2026-09-16T20:21:18+00:00,1,21,0,1,pump_trade_mc_band,2026-09-16T20:21:27+00:00,11009.318536167,1.1009318536167e-05,0,21,0.0,0.9988049031273118,pump_trades+expand_max,1,15.0,0.0
7zprLRdCZfyKcoCVVZwTnmUq5DfhoZKFCL9gKrfQpump,2026-09-18T23:04:16+00:00,8379.565792351308,2026-09-18T23:04:07+00:00,1,1200,0,1,pump_trade_mc_band,2026-09-18T23:13:09+00:00,8504.364383677,8.504364383677e-06,0,1200,0.0,5.371665613921542,pump_trades+expand_max,1,4.0,0.14805555555555555
Ugu8xGdj7cps1wp9jfDinYCu9RmLMiNJz5ZmUbjpump,2026-09-14T08:21:39+00:00,10871.38263668076,2026-09-14T08:21:39+00:00,1,1200,1,1,pump_trade_mc_band,2026-09-14T13:44:03+00:00,8127.342250558,8.127342250558e-06,0,1200,0.0,0.6365029146988157,pump_trades_post_t0,1,110.0,5.373333333333333
EtpKxKRMKZV2hatpoZcDBjZwq55h9pRJxBmf4vJ9pump,2026-09-18T15:13:42+00:00,8343.716797964862,2026-09-18T15:13:33+00:00,1,162,0,1,pump_trade_mc_band,2026-09-18T15:13:42+00:00,8353.333369937,8.353333369937e-06,0,162,0.0,1.1619128016617397,pump_trades+expand_max,1,18.0,0.0
DC2NknN6Uzh3im3q7akcckpnTpYnKSXhseEYu9oppump,2026-09-04T13:34:35+00:00,10182.864996650747,2026-09-04T13:34:18+00:00,1,115,0,1,pump_trade_mc_band,2026-09-04T13:34:32+00:00,8582.482069432,8.582482069432e-06,0,115,0.0,1.397559723272549,pump_trades+expand_max,1,11.0,-0.0008333333333333334
EkbnDL28hvBjnTbpfUiZeeeUwFnQzhCqUKTKR51Spump,2026-09-14T17:55:14+00:00,11943.404168476956,2026-09-14T17:55:14+00:00,1,645,0,1,pump_trade_mc_band,2026-09-14T17:55:14+00:00,16941.035757363,1.6941035757363e-05,0,645,0.0,3.468520959281388,pump_trades+expand_max,1,14.0,0.0
7Q2ok7e2unjKdZiamDGoP2GDBgiUiPnkj1vEiQxrpump,2026-09-15T00:41:50+00:00,9865.00448485395,2026-09-15T00:39:46+00:00,1,239,0,1,pump_trade_mc_band,2026-09-15T00:41:50+00:00,9875.486718897,9.875486718897e-06,0,239,0.0,5.649380364510253,pump_trades+expand_max,1,65.0,0.0
W6xc3FqcYg6WkSxGdfivuefqB8wRNWSjxkbGTUypump,2026-09-03T10:12:53+00:00,10730.975348363185,2026-09-03T10:12:53+00:00,1,1200,1,1,pump_trade_mc_band_deep,2026-09-03T23:49:39+00:00,8496.867666115,8.496867666115e-06,0,1600,0.0,0.3446628990776098,pump_trades_post_t0,1,273.0,13.612777777777778
68d4EdyDt7eZi8yT8uvQxc5gwPFz1AaLQVbf5escpump,2026-09-21T13:56:33+00:00,10163.972216296512,2026-09-21T13:56:28+00:00,1,11,0,1,pump_trade_mc_band,2026-09-21T13:56:32+00:00,8290.512840643,8.290512840643e-06,0,11,0.0,1.510751352701311,pump_trades+expand_max,1,5.0,-0.0002777777777777778
ACuDo7WRk2G3QVL1gqF2BCfcLSy7Re6s6WERFZFspump,2026-09-18T19:43:34+00:00,9260.912314657671,2026-09-18T19:43:13+00:00,1,266,1,1,pump_trade_mc_band,2026-09-18T19:43:34+00:00,9273.323825477,9.273323825477e-06,0,266,1.0,19.14974206031704,pump_trades+expand_max,1,49.0,0.0
2okq3idMoxiZgJNErcHhSKm52f426mjcMLYZd81apump,2026-09-13T13:01:04+00:00,10688.10289391507,2026-09-13T13:01:04+00:00,1,1200,1,1,pump_trade_mc_band,2026-09-13T15:02:29+00:00,17411.964562939003,1.7411964562939e-05,0,1200,0.0,0.9865282085971342,pump_trades_post_t0,1,646.0,2.0236111111111112
6MjCnH9rfaGRUeneqpqvHA9pp8ZSFtpYutHWA7jypump,2026-09-21T21:06:05+00:00,8066.716578945331,2026-09-21T21:05:05+00:00,1,92,0,1,pump_trade_mc_band,2026-09-21T21:06:05+00:00,8402.519949402,8.402519949402e-06,0,92,0.0,1.4377874647711841,pump_trades+expand_max,1,46.0,0.0
AgbvmC9qR6KRZFq85MnKjyXunA1xhWCKy74xwZ9hpump,2026-09-10T03:52:50+00:00,10936.763129714136,2026-09-10T03:52:50+00:00,1,1200,1,1,pump_trade_mc_band_deep,2026-09-10T05:31:05+00:00,18766.110273236,1.8766110273236e-05,0,4000,0.0,0.996892790473785,pump_trades_post_t0,1,2438.0,1.6375
4252irACXUuesQ3t1V6za9o8wRdoZqhWjkATiqnvpump,2026-09-15T21:54:45+00:00,8079.255242383165,2026-09-15T21:53:03+00:00,1,450,0,1,pump_trade_mc_band,2026-09-15T21:54:34+00:00,8049.5635802570005,8.049563580257e-06,0,450,0.0,6.386160619734339,pump_trades+expand_max,1,25.0,-0.0030555555555555557
Faj7yAmeTggGJgxKzzBGiHdAjRmmC8CNrY1cenz1pump,2026-09-02T14:49:38+00:00,8605.9270871014,2026-09-02T14:49:15+00:00,1,9,0,1,pump_trade_mc_band,2026-09-02T14:49:35+00:00,8814.52160757,8.81452160757e-06,0,9,0.0,0.9763351285803807,pump_trades+expand_max,1,8.0,-0.0008333333333333334
CJnvHUGZybkczCmVQnd6BQLPCaiByiNptYUdKcqUpump,2026-09-19T08:55:21+00:00,13547.44980561408,2026-09-19T08:55:21+00:00,1,115,0,1,pump_trade_mc_band,2026-09-19T08:55:21+00:00,15383.382944265,1.5383382944265e-05,0,115,0.0,1.3940517554404304,pump_trades+expand_max,1,2.0,0.0
HgnC21vYAmZThxuVjkQ1tYweCQKmWcCtonrCsbKBpump,2026-09-21T14:36:12+00:00,11492.797445927725,2026-09-21T14:36:12+00:00,1,1200,0,1,pump_trade_mc_band,2026-09-21T15:15:14+00:00,16532.460979233,1.6532460979233e-05,0,1200,0.0,2.5923151081147893,pump_trades+expand_max,1,725.0,0.6505555555555556
BnAwR3cS1YJqeXBYzgvudaXdBXU7TmaeZEP84vcXpump,2026-09-16T00:24:38+00:00,10240.410430548129,2026-09-16T00:24:02+00:00,1,85,0,1,pump_trade_mc_band,2026-09-16T00:24:37+00:00,8073.447962825,8.073447962825e-06,0,85,0.0,2.1451283303794297,pump_trades+expand_max,1,73.0,-0.0002777777777777778
HWEuJksipJLkD4BAqTAPzqReJx7cbdQ2zK6CP6apump,2026-09-11T23:48:16+00:00,10971.061093272629,2026-09-11T23:48:16+00:00,1,1200,1,1,pump_trade_mc_band_deep,2026-09-12T03:58:28+00:00,8032.5574386200005,8.03255743862e-06,0,4000,0.0,0.42562181411271155,pump_trades_post_t0,1,1896.0,4.17
BKvSB1sRGuohuVRyZ2Po9hbwZVoeo4dBe1EGuJBqpump,2026-09-19T19:39:20+00:00,10724.742619366569,2026-09-19T19:39:03+00:00,1,249,0,1,pump_trade_mc_band,2026-09-19T19:39:20+00:00,18712.395449355,1.8712395449355e-05,0,249,0.0,2.4937301721103116,pump_trades+expand_max,1,23.0,0.0
DH3J9xA7gS77VAcpJcAGgvrWAYDbBD3REw5cifyYpump,2026-09-21T14:11:25+00:00,8603.41124084731,2026-09-21T14:11:11+00:00,1,14,0,1,pump_trade_mc_band,2026-09-21T14:11:22+00:00,8606.739179233,8.606739179233e-06,0,14,0.0,1.1655021019857303,pump_trades+expand_max,1,12.0,-0.0008333333333333334
5R9hF21E3puspy2xC732r5fyVMCEHyPnRx7Qwwrcpump,2026-09-05T01:39:30+00:00,10531.515869487352,2026-09-05T01:39:30+00:00,1,1200,0,1,pump_trade_mc_band,2026-09-05T01:40:22+00:00,12710.573150926999,1.2710573150927e-05,0,1200,0.0,1.2357969371532562,pump_trades+expand_max,1,5.0,0.014444444444444444
sjAPcPZwkPeKtpwKEanWPciVMbVZLrT1XdNJg9dpump,2026-09-22T08:39:03+00:00,12453.376205816205,2026-09-22T08:39:03+00:00,1,1200,1,1,pump_trade_mc_band,2026-09-22T08:51:52+00:00,9698.311059396001,9.698311059396e-06,0,1200,1.0,36.69732172557393,pump_trades+expand_max,1,42.0,0.2136111111111111
BNugLiveM6obDmdaCkhvnYnzZwc8imtM744PYKPvpump,2026-09-22T12:43:33+00:00,15713.68281195852,2026-09-22T12:43:27+00:00,1,202,0,1,pump_trade_mc_band,2026-09-22T12:43:33+00:00,18371.146535671,1.8371146535671e-05,0,202,0.0,2.4717506560120186,pump_trades+expand_max,1,16.0,0.0
uZBQ6d5FR1sC32Xn2gR9qV9sQPCcsgg65379E8mpump,2026-09-12T18:50:02+00:00,10899.249732072034,2026-09-12T18:50:02+00:00,1,1200,1,1,pump_trade_mc_band,2026-09-12T19:16:44+00:00,8013.2570830019995,8.013257083002e-06,0,1200,1.0,248.70031942676965,pump_trades+expand_max,1,43.0,0.445
HrucRtXJyfstc1gskKt6d29qiPotf17PU5djUR6pump,2026-09-12T09:33:09+00:00,10936.763129714136,2026-09-12T09:33:09+00:00,1,1200,1,1,pump_trade_mc_band,2026-09-12T11:48:10+00:00,12790.144038747001,1.2790144038747e-05,0,1200,0.0,1.0003772158490463,pump_trades_post_t0,1,1118.0,2.250277777777778
4Jy3uM7aL5N1UmEAM6knwxvVqM1zLdK8X1k6KTHRpump,2026-09-10T17:28:17+00:00,9158.855374299064,2026-09-10T14:39:34+00:00,1,500,0,1,pump_trade_mc_band,2026-09-10T17:28:14+00:00,9089.964721223001,9.089964721223e-06,0,500,0.0,4.871643712911474,pump_trades+expand_max,1,164.0,-0.0008333333333333334
73QNcM8rq6PJcC7UjBcWL67fnJKC5mPU3JvKxjv3pump,2026-09-11T16:23:32+00:00,10975.808465409918,2026-09-11T16:23:22+00:00,1,30,0,1,pump_trade_mc_band,2026-09-11T16:23:32+00:00,12997.435893578999,1.2997435893579e-05,0,30,0.0,1.4162943947883166,pump_trades+expand_max,1,22.0,0.0
7Pt6GG25XxQJW1nMvdmDNwceYUNmeQ5wMjCZ8YM8pump,2026-09-18T18:16:56+00:00,12025.723472696256,2026-09-18T18:16:56+00:00,1,1200,1,1,pump_trade_mc_band,2026-09-19T14:15:29+00:00,8622.408268083,8.622408268083e-06,0,1200,0.0,0.9603652677247931,pump_trades_post_t0,1,1139.0,19.975833333333334
GccucDs5JejaohfRYhRFkX5SMtJXcRq8eUQ439qYpump,2026-09-16T06:17:17+00:00,8668.655091755725,2026-09-16T06:17:11+00:00,1,19,0,1,pump_trade_mc_band,2026-09-16T06:17:17+00:00,11449.961787936,1.1449961787936e-05,0,19,0.0,1.517052680558753,pump_trades+expand_max,1,11.0,0.0
FyG29XSuBsY6jrU3uAiyp1di2WoSdtGabwPFmM5qpump,2026-09-03T16:22:47+00:00,8036.625759130225,2026-09-03T16:21:54+00:00,1,588,0,1,pump_trade_mc_band,2026-09-03T16:22:47+00:00,8054.411594615,8.054411594615e-06,0,588,0.0,1.0077273253508192,pump_trades+expand_max,1,334.0,0.0
ovoXgMXD4bAQ1CAAGo8q7uJ15CLjRpiBG42b5NHpump,2026-09-03T10:30:13+00:00,10733.118971085589,2026-09-03T10:30:13+00:00,1,1200,1,1,pump_trade_mc_band_deep,2026-09-06T13:05:18+00:00,8221.233246094,8.221233246094e-06,0,1700,0.0,0.34841515347674995,pump_trades_post_t0,0,312.0,74.58472222222223
2665j1snojFA9UZfHQkQdbdCr3hCLKukYyAUQtkYpump,2026-09-18T06:21:12+00:00,8057.068613433971,2026-09-18T06:21:04+00:00,1,139,0,1,pump_trade_mc_band,2026-09-18T06:21:11+00:00,8065.665974762,8.065665974762e-06,0,139,0.0,0.9989340791752436,pump_trades+expand_max,1,8.0,-0.0002777777777777778
5vcg1WfuB73fMPnYDJJyCEbtu1RGwgVAoWMLdnyPpump,2026-09-14T11:15:20+00:00,8118.514077687443,2026-09-14T11:13:08+00:00,1,280,0,1,pump_trade_mc_band,2026-09-14T11:15:16+00:00,8039.253122059,8.039253122059e-06,0,280,0.0,1.0943007501230209,pump_trades+expand_max,1,101.0,-0.0011111111111111111
6J9bWqyDuVKXfNdqJNwTuVc2KSPev3SDpP4HZBFapump,2026-09-09T17:40:30+00:00,8080.1038206378835,2026-09-09T17:40:04+00:00,1,320,0,1,pump_trade_mc_band,2026-09-09T17:40:30+00:00,8083.474574447,8.083474574447e-06,0,320,0.0,1.00048545101926,pump_trades+expand_max,1,42.0,0.0
87Jpc38V7TvWzaQV1hFsuvAR1kniYuy4UqVwXDdHpump,2026-09-13T15:09:35+00:00,10773.8478028113,2026-09-13T15:09:35+00:00,1,1200,1,1,pump_trade_mc_band,2026-09-13T16:33:32+00:00,10293.343729521,1.0293343729521e-05,0,1200,0.0,0.9896155720277326,pump_trades_post_t0,1,742.0,1.3991666666666667
AjFPcDuAgSrvt7onsUY3yVyob2YsQ6Q7DSnGze7Apump,2026-09-01T11:27:20+00:00,8013.5170663002355,2026-09-01T11:27:18+00:00,1,944,0,1,pump_trade_mc_band,2026-09-01T11:27:20+00:00,8146.27549475,8.14627549475e-06,0,944,0.0,1.1340200014101665,pump_trades+expand_max,1,20.0,0.0
AWoVjmoxgVzhxnBiz3XWAbRbYqTn23Pef7THbwzYpump,2026-09-08T21:46:35+00:00,9046.504311058132,2026-09-08T21:46:15+00:00,1,42,0,1,pump_trade_mc_band,2026-09-08T21:46:35+00:00,9048.589615889,9.048589615889e-06,0,42,0.0,0.9997695436615662,pump_trades+expand_max,1,24.0,0.0
rWFbB7JmQYy3jFha1k8Vr4by2vyySokH27TCymspump,2026-09-22T09:43:10+00:00,12548.76741696326,2026-09-22T09:43:10+00:00,1,1200,1,1,pump_trade_mc_band,2026-09-22T09:56:50+00:00,15702.668560541,1.5702668560541e-05,0,1200,1.0,18.410568129440026,pump_trades+expand_max,1,408.0,0.22777777777777777
AfLxiH5t1AN1hpzx3oM1a6sUkjkGx4iRsDR89oVwpump,2026-09-14T19:21:23+00:00,11090.032154366148,2026-09-14T19:21:23+00:00,1,1200,1,1,pump_trade_mc_band_deep,2026-09-14T21:05:38+00:00,16234.139843306999,1.6234139843307e-05,0,4000,0.0,0.981826934596068,pump_trades_post_t0,1,547.0,1.7375
7taKxNM293RQ3yPEgD9Jp1UXRxzg7eBDboTb7SJFpump,2026-09-05T04:26:27+00:00,9442.1698555608,2026-09-05T04:21:24+00:00,1,216,0,1,pump_trade_mc_band,2026-09-05T04:26:22+00:00,9438.043686742001,9.438043686742e-06,0,216,0.0,1.9594451938723796,pump_trades+expand_max,1,161.0,-0.001388888888888889
121hLpKhVF3bMK1E5AwXzWTSCau4Jukta9UaVQwfpump,2026-09-21T22:02:27+00:00,8108.165839394425,2026-09-21T22:02:25+00:00,1,97,0,1,pump_trade_mc_band,2026-09-21T22:02:27+00:00,8286.338181579,8.286338181579e-06,0,97,0.0,1.009749321783848,pump_trades+expand_max,1,26.0,0.0
gwYjh3Q9nFdxuW71wHbRLf5SoaBCMh2zDPtdm6opump,2026-09-17T13:08:47+00:00,10798.499464118964,2026-09-17T13:08:47+00:00,1,1200,1,1,pump_trade_mc_band,2026-09-17T21:43:45+00:00,8153.098865336001,8.153098865336e-06,0,1200,0.0,0.2726531987415546,pump_trades_post_t0,1,1185.0,8.582777777777778
3nJ2jRknabZWsBztBcjgQSNqSxGP6CUf7ej6tRCGpump,2026-09-16T21:29:50+00:00,9319.81826159695,2026-09-16T21:29:49+00:00,1,358,0,1,pump_trade_mc_band,2026-09-16T21:29:50+00:00,9793.382413094,9.793382413094e-06,0,358,0.0,1.7826052462014113,pump_trades+expand_max,1,34.0,0.0
UAoMRfWwvm72HGWwfcjk1heGAJbrzF2hF3eWbHYpump,2026-09-02T17:26:42+00:00,8185.867674089169,2026-09-02T17:26:40+00:00,1,111,0,1,pump_trade_mc_band,2026-09-02T17:26:42+00:00,8407.858592794,8.407858592794e-06,0,111,0.0,1.0894539304194892,pump_trades+expand_max,1,33.0,0.0
BrLmL2cu12eyKfBWtqsjG6zRRbgD998XASnVLjdnpump,2026-09-11T19:56:39+00:00,8062.446702849836,2026-09-11T19:56:27+00:00,1,406,0,1,pump_trade_mc_band,2026-09-11T19:56:39+00:00,8294.596703229001,8.294596703229e-06,0,406,0.0,1.4807583045317476,pump_trades+expand_max,1,74.0,0.0
4RDkzrD1QzsPu3uXEtHt2rKY1DimvRfofCRFnteXpump,2026-09-11T18:11:36+00:00,8175.300548834775,2026-09-11T18:11:28+00:00,1,1200,0,1,pump_trade_mc_band,2026-09-11T18:21:01+00:00,17217.168330559,1.7217168330559e-05,0,1200,0.0,2.7398727362723694,pump_trades+expand_max,1,912.0,0.15694444444444444
GZ1TuLWD26ASCs2ENyBP4UBg1k7TBqzF4CHLz9tzpump,2026-09-17T15:30:53+00:00,8850.230654470755,2026-09-14T06:21:27+00:00,1,285,0,1,pump_trade_mc_band,2026-09-17T15:30:53+00:00,8924.313539144001,8.924313539144e-06,0,285,0.0,1.0019580442854628,pump_trades+expand_max,0,115.0,0.0
GH7gNNXTWTL532BRpozVnJW5375M1M2WabwAELoxpump,2026-09-02T21:09:16+00:00,8038.119705680001,2026-09-02T21:09:15+00:00,1,54,0,1,pump_trade_mc_band,2026-09-02T21:09:16+00:00,8237.816857886,8.237816857886e-06,0,54,0.0,0.9950189867368906,pump_trades+expand_max,1,13.0,0.0
Un18N8fpCbRKF8KU92qZnMt1bQgiZEncqxumGKppump,2026-09-16T09:59:12+00:00,8116.374174535024,2026-09-16T09:57:59+00:00,1,209,0,1,pump_trade_mc_band,2026-09-16T09:59:12+00:00,8337.81739747,8.33781739747e-06,0,209,0.0,1.6707351085238398,pump_trades+expand_max,1,77.0,0.0
3CRrQfJqRYVWdLbVLPbnqHHAPkovQG1QGWHg5t7Ppump,2026-09-21T18:13:32+00:00,8970.95268864163,2026-09-21T18:13:13+00:00,1,56,0,1,pump_trade_mc_band,2026-09-21T18:13:31+00:00,8995.215739195999,8.995215739196e-06,0,56,0.0,0.999307934336486,pump_trades+expand_max,1,21.0,-0.0002777777777777778
F9rDn31eJPksY3FEA2uq2M3fZVakFaxPWkDnEg45pump,2026-09-21T19:26:32+00:00,8086.2956541117,2026-09-21T19:26:25+00:00,1,279,0,1,pump_trade_mc_band,2026-09-21T19:26:32+00:00,8175.958129606,8.175958129606e-06,0,279,0.0,2.194004041325177,pump_trades+expand_max,1,23.0,0.0
EAm9mT1W8qTseijesS6ZLLVq34dDdGZjvBPaZKiGpump,2026-09-01T12:04:34+00:00,11242.325527133971,,1,100,0,1,pump_trade_mc_band,2026-08-26T14:58:46+00:00,12597.329366927,1.2597329366927e-05,0,100,0.0,1.1323832476622633,pump_trades+expand_max,0,1.0,-141.09666666666666
9t3cshjL2PKBeaY7HuMFGUvhggSZpd9rVJx9fcNkpump,2026-09-18T05:59:30+00:00,8172.125033253956,2026-09-18T05:59:19+00:00,1,161,0,1,pump_trade_mc_band,2026-09-18T05:59:30+00:00,8143.247146334999,8.143247146335e-06,0,161,0.0,1.0372095953237,pump_trades+expand_max,1,84.0,0.0
FTeCubUpy9VStjHcn1mQi9MtDU2HVie8EMFdY4xfpump,2026-09-05T09:44:47+00:00,8999.77918480373,2026-09-05T09:44:09+00:00,1,118,0,1,pump_trade_mc_band,2026-09-05T09:44:44+00:00,8999.207842497,8.999207842497e-06,0,118,0.0,1.0000634880665864,pump_trades+expand_max,1,30.0,-0.0008333333333333334
3XCCsL7PsL5rwJoR1yEVCKBtcHPzkTeNZ3J4g1YWpump,2026-09-11T19:25:18+00:00,8430.228983706727,2026-09-11T19:24:15+00:00,1,197,0,1,pump_trade_mc_band,2026-09-11T19:25:17+00:00,8439.096063106,8.439096063106e-06,0,197,0.0,1.296667142823772,pump_trades+expand_max,1,48.0,-0.0002777777777777778
Bni5JcyxXipowymBELF5sUbCcvmhUngk3YoVWxt3pump,2026-09-01T03:18:02+00:00,8189.413409237522,2026-09-01T03:17:59+00:00,1,984,0,1,pump_trade_mc_band,2026-09-01T03:18:02+00:00,9733.440740321,9.733440740321e-06,0,984,0.0,1.4957909785674999,pump_trades+expand_max,1,8.0,0.0
2hmi7GaeS3HZhkiAgmbvhq2vKioAxRKtbsPntpoqpump,2026-09-19T23:42:27+00:00,8042.810071648441,2026-09-19T23:41:37+00:00,1,292,0,1,pump_trade_mc_band,2026-09-19T23:42:27+00:00,8281.222018819,8.281222018819e-06,0,292,0.0,1.3711902859652318,pump_trades+expand_max,1,103.0,0.0
E3xj2FvayXGmt9VYYFTWn2Tx1n2QfhhSV8uK3bGKpump,2026-09-18T07:39:16+00:00,8296.342323008153,2026-09-18T07:39:14+00:00,1,1200,0,1,pump_trade_mc_band,2026-09-18T07:39:45+00:00,9499.781375794,9.499781375794e-06,0,1200,0.0,1.7555526882625854,pump_trades+expand_max,1,42.0,0.008055555555555555
4uoQWRzcxVyn6Gmh4Lrv1DgabvSRhJCjtGZdEcHjpump,2026-09-04T13:57:31+00:00,14564.132717786537,2026-09-04T13:57:31+00:00,1,1200,1,1,pump_trade_mc_band_deep,2026-09-04T14:53:42+00:00,8002.3832263389995,8.002383226339e-06,0,4000,1.0,28.027563510771945,pump_trades+expand_max,1,1926.0,0.9363888888888889
GTtscSnb9KTPK6GFiDvwxE4jBahAVDthmBcUdaJtpump,2026-09-18T20:06:16+00:00,8388.39689334155,2026-09-18T20:01:58+00:00,1,175,0,1,pump_trade_mc_band,2026-09-18T20:06:16+00:00,8366.466464014,8.366466464014e-06,0,175,0.0,1.0026212295742627,pump_trades+expand_max,1,110.0,0.0
4EyucZWmzQXbuKr6p5t3yJL7bLPcMBpoSZQ3Baj9pump,2026-09-15T23:10:55+00:00,8134.438449761693,2026-09-15T23:10:37+00:00,1,151,0,1,pump_trade_mc_band,2026-09-15T23:10:54+00:00,8058.901504018,8.058901504018e-06,0,151,0.0,1.5339996390162343,pump_trades+expand_max,1,31.0,-0.0002777777777777778
HgpA8zcqsoPEQuehDKgV4zH5ku2gU9aKsduNGvYWpump,2026-09-04T08:58:30+00:00,9769.921461607932,2026-09-04T08:56:51+00:00,1,50,0,1,pump_trade_mc_band,2026-09-04T08:58:29+00:00,9768.005632682,9.768005632682e-06,0,50,0.0,1.000196133069326,pump_trades+expand_max,1,30.0,-0.0002777777777777778
2dv2qxj5tsY4cPCMrkncXq2cJmWwsGNESsrpcwMEpump,2026-09-02T21:40:38+00:00,8427.29958024796,2026-09-02T21:40:35+00:00,1,166,0,1,pump_trade_mc_band,2026-09-02T21:40:38+00:00,9600.912125978,9.600912125978e-06,0,166,0.0,1.1470526121272233,pump_trades+expand_max,1,30.0,0.0
eqnidra8rp8UttMDx67GrWuHjKuzkiayEsXB9wBpump,2026-09-02T16:07:59+00:00,8061.250327129029,2026-09-02T16:04:33+00:00,1,1200,0,1,pump_trade_mc_band,2026-09-03T06:36:34+00:00,19721.993492333,1.9721993492333e-05,0,1200,0.0,1.149571034951703,pump_trades_post_t0,1,3.0,14.47638888888889
6VxmGxWDeJC9de8rSm3UNdF4nVSq8MhhtKNHzcKcpump,2026-09-15T12:53:31+00:00,8678.768721129696,2026-09-15T12:45:17+00:00,1,194,0,1,pump_trade_mc_band,2026-09-15T12:53:30+00:00,8687.61503825,8.68761503825e-06,0,194,0.0,2.0560250970897123,pump_trades+expand_max,1,169.0,-0.0002777777777777778
Apwd5HcXkjjbsEieQ2RuUdKjbKeZ2jefkayb1541pump,2026-09-18T20:15:47+00:00,9890.830763061049,2026-09-18T20:15:38+00:00,1,16,0,1,pump_trade_mc_band,2026-09-18T20:15:46+00:00,9888.970289757,9.888970289757e-06,0,16,0.0,1.6330155648330724,pump_trades+expand_max,1,9.0,-0.0002777777777777778
uCdZgpukGEAWHcsX1swwSWNigQuSec4ss5Ht2mvpump,2026-09-22T20:55:18+00:00,8267.820813449744,2026-09-22T20:54:41+00:00,1,513,0,1,pump_trade_mc_band,2026-09-22T20:55:18+00:00,8382.655003039,8.382655003039e-06,0,513,0.0,1.298593027186682,pump_trades+expand_max,1,87.0,0.0
4GZg4FWUoTpjVELBs7BmMZEMu9i3W9RcZwfJ7Efapump,2026-09-21T00:14:23+00:00,8905.597404347727,2026-09-21T00:14:22+00:00,1,94,0,1,pump_trade_mc_band,2026-09-21T00:14:23+00:00,8504.085715596999,8.504085715597e-06,0,94,0.0,1.0472139748091123,pump_trades+expand_max,1,14.0,0.0
pwxym1GeCeAcefmv9yWXTakvNQYwzPPzwro6pxWpump,2026-09-13T18:43:39+00:00,8136.910895808745,2026-09-13T18:43:31+00:00,1,1200,0,1,pump_trade_mc_band,2026-09-13T19:00:44+00:00,18859.281542009998,1.885928154201e-05,0,1200,0.0,2.6736154245404413,pump_trades+expand_max,1,19.0,0.2847222222222222
H2EpYzudVpM7if28N6SS6SZdxwNvZcgURiFi2KcBpump,2026-09-16T10:58:43+00:00,18097.15102641735,2026-09-16T10:58:43+00:00,1,1200,0,1,pump_trade_mc_band,2026-09-16T11:05:01+00:00,15869.961501454,1.5869961501454e-05,0,1200,0.0,4.796899570801968,pump_trades+expand_max,1,498.0,0.105
AdptSPHFaxSg9j5Fm8RxUtzyXUySJAabqqxy6TWnpump,2026-09-20T02:37:27+00:00,8564.451327947507,2026-09-20T02:37:23+00:00,1,527,0,1,pump_trade_mc_band,2026-09-20T02:37:26+00:00,8571.694906803,8.571694906803e-06,0,527,0.0,2.88062646562433,pump_trades+expand_max,1,5.0,-0.0002777777777777778
GZ2PyUGKhHKasDky6yKcU44bi9nojpzc8HgoR9aXpump,2026-09-01T20:03:17+00:00,8471.01171632502,2026-09-01T20:01:10+00:00,1,19,0,1,pump_trade_mc_band,2026-09-01T20:03:15+00:00,8447.160010544,8.447160010544e-06,0,19,0.0,1.1859817729554085,pump_trades+expand_max,1,14.0,-0.0005555555555555556
DHJdM6v4dmPMNxjD3ffWWXjSpKMze8dqaxRiJwPhpump,2026-09-13T16:12:06+00:00,8013.169293914044,2026-09-13T16:12:05+00:00,1,1200,0,1,pump_trade_mc_band,2026-09-13T16:13:30+00:00,18474.416421777,1.8474416421777e-05,0,1200,0.0,3.5805489777048813,pump_trades+expand_max,1,542.0,0.023333333333333334
9XALu7QeiGFfEu7DC6mpAqqmDVLCnnXNP2V7RP6xpump,2026-09-11T08:39:19+00:00,8423.905282149986,2026-09-11T08:39:13+00:00,1,85,0,1,pump_trade_mc_band,2026-09-11T08:39:17+00:00,9453.663684754001,9.453663684754e-06,0,85,0.0,1.9678111961392046,pump_trades+expand_max,1,5.0,-0.0005555555555555556
8QxTPaHtXe6j7uUTurw42DwxM14jCBkwcrUAoabdpump,2026-09-16T14:49:23+00:00,8397.230428914248,2026-09-16T14:48:22+00:00,1,202,0,1,pump_trade_mc_band,2026-09-16T14:49:13+00:00,8382.534302665,8.382534302665e-06,0,202,0.0,2.183132507276116,pump_trades+expand_max,1,48.0,-0.002777777777777778
EXgxGuvKSv94crHfQGru6i4LF8AHiGrWCz2qAfnVpump,2026-09-19T12:49:34+00:00,8343.605775766242,2026-09-19T12:48:20+00:00,1,157,0,1,pump_trade_mc_band,2026-09-19T12:49:33+00:00,8350.433811231,8.350433811231e-06,0,157,0.0,0.9991823136834431,pump_trades+expand_max,1,48.0,-0.0002777777777777778
BkC99MDPJtpNaoVE8xrGFnBnL6EniKKdxWdyHgFEpump,2026-09-21T02:12:16+00:00,8293.260522121831,2026-09-21T02:11:53+00:00,1,1200,0,1,pump_trade_mc_band,2026-09-21T02:12:16+00:00,8774.373203804002,8.774373203804e-06,0,1200,0.0,1.9543410812129216,pump_trades+expand_max,1,73.0,0.0
8i69BnBgxDQYGdbooGnwDaJRLhr1aWHqVsnHP3RSpump,2026-09-22T06:57:54+00:00,8022.53228085731,2026-09-22T06:57:13+00:00,1,502,0,1,pump_trade_mc_band,2026-09-22T06:57:53+00:00,8014.840205983,8.014840205983e-06,0,502,0.0,1.0009597290372139,pump_trades+expand_max,1,37.0,-0.0002777777777777778
8z11hH5FL9XAmweagJ2qnQXkyioa4oiFmUmHSVEYpump,2026-09-19T13:46:20+00:00,8780.57190516242,2026-09-19T13:46:03+00:00,1,753,0,1,pump_trade_mc_band,2026-09-19T13:46:12+00:00,8013.910051705,8.013910051705e-06,0,753,0.0,1.8009864250576806,pump_trades+expand_max,1,91.0,-0.0022222222222222222
5mepeg141jSVK1TgxhDPUH1rS3DizVQZg8y8gtbmpump,2026-09-09T20:31:55+00:00,8024.903562319359,2026-09-09T20:31:24+00:00,1,1200,0,1,pump_trade_mc_band,2026-09-12T00:42:23+00:00,19250.966104601,1.9250966104601e-05,0,1200,0.0,1.0044658491765488,pump_trades_post_t0,0,6.0,52.17444444444445
DtzGwJFh4Bm8zNDqWyvD5a1mnya1CtMizCi5bEcHpump,2026-09-22T21:08:58+00:00,8454.528022553408,2026-09-22T21:08:26+00:00,1,28,0,1,pump_trade_mc_band,2026-09-22T21:08:56+00:00,8424.910203293,8.424910203293e-06,0,28,0.0,1.3095562375597345,pump_trades+expand_max,1,24.0,-0.0005555555555555556
4ZQeLYFSfG5jSHAL8exjKHShtZVttWk8UbtevyRgpump,2026-09-20T13:50:05+00:00,12934.27477193561,2026-09-20T13:50:05+00:00,1,205,0,1,pump_trade_mc_band,2026-09-20T13:50:05+00:00,13563.755174683001,1.3563755174683e-05,0,205,0.0,1.003832028054518,pump_trades+expand_max,1,10.0,0.0
FeQUygTrqzsTyWyykS2PjQCRKmNzcbQikQU6x6R7pump,2026-09-21T09:54:22+00:00,9590.596286964175,2026-09-21T09:54:15+00:00,1,14,0,1,pump_trade_mc_band,2026-09-21T09:54:21+00:00,9501.568378187001,9.501568378187e-06,0,14,0.0,2.4057000142164457,pump_trades+expand_max,1,8.0,-0.0002777777777777778
2NahbJ3UhSZDeQ8JEZvpQwzRoZticWgV9h8j6CN9pump,2026-09-13T05:53:37+00:00,8004.924154533408,2026-09-13T02:08:57+00:00,1,400,0,1,pump_trade_mc_band,2026-09-13T05:53:37+00:00,8031.989696457,8.031989696457e-06,0,400,0.0,1.4050500360388443,pump_trades+expand_max,1,148.0,0.0
5GyawrGTCHKQrh3sq9ZGcR7wMgDeB6VoWuVT9qp8pump,2026-09-16T04:35:42+00:00,8117.85802401543,2026-09-16T04:35:30+00:00,1,38,0,1,pump_trade_mc_band,2026-09-16T04:35:41+00:00,8129.360025032999,8.129360025033e-06,0,38,0.0,0.9985851283517828,pump_trades+expand_max,1,18.0,-0.0002777777777777778
47yMDa786HWn2Uw6FhPXLoR3mErHibys2v1zE2Pqpump,2026-09-14T17:53:17+00:00,8054.125585511128,2026-09-14T17:53:15+00:00,1,212,0,1,pump_trade_mc_band,2026-09-14T17:53:17+00:00,8143.0307172679995,8.143030717268e-06,0,212,0.0,2.140986890242651,pump_trades+expand_max,1,26.0,0.0
7bF65zkH3ZcmkinbfrDXgWgQx91mChKkyESTacfepump,2026-09-20T03:27:10+00:00,8145.387608352326,2026-09-18T08:52:19+00:00,1,100,0,1,pump_trade_mc_band,2026-09-20T03:27:10+00:00,8158.968105989001,8.158968105989e-06,0,100,0.0,1.0174951913386228,pump_trades+expand_max,0,37.0,0.0
HRD6CQ5qtZk9s9VZVUkHwVcq8WomWvGg5nSkBoRqpump,2026-09-02T21:24:27+00:00,8452.762104271738,2026-09-02T21:23:55+00:00,1,338,0,1,pump_trade_mc_band,2026-09-02T21:24:27+00:00,15639.516772447998,1.5639516772448e-05,0,338,0.0,1.003523085645144,pump_trades+expand_max,1,87.0,0.0
2M4YKcxZHHWbUf8yyKvBqdHiYtiGRc1Qh6aNrg1Epump,2026-09-22T22:21:43+00:00,9017.734680142146,2026-09-22T22:21:06+00:00,1,135,0,1,pump_trade_mc_band,2026-09-22T22:21:43+00:00,9021.354223196,9.021354223196e-06,0,135,0.0,1.062301053715845,pump_trades+expand_max,1,35.0,0.0
6GreehUAUovRAK9rmGzejuYBtE6jhcMmFUTJcoRNpump,2026-09-17T17:12:33+00:00,8118.309051909579,2026-09-17T17:11:44+00:00,1,104,0,1,pump_trade_mc_band,2026-09-17T17:12:33+00:00,10572.499519772,1.0572499519772e-05,0,104,0.0,2.33802187616047,pump_trades+expand_max,1,55.0,0.0
6ubfTXXccuNWeTqSRkVLVeQ5wS8fQVGuVpTkYDLqpump,2026-09-21T00:13:27+00:00,8603.993762140564,2026-09-21T00:12:54+00:00,1,83,0,1,pump_trade_mc_band,2026-09-21T00:13:27+00:00,10848.214293851,1.0848214293851e-05,0,83,0.0,0.9974885878504344,pump_trades+expand_max,1,43.0,0.0
AJ2YBw7scpo8qXrwLQQuadbvWZUThLh3wtvTceHhpump,2026-09-09T19:15:46+00:00,8666.23070773954,2026-09-09T19:15:45+00:00,1,289,0,1,pump_trade_mc_band,2026-09-09T19:15:46+00:00,8659.761816732,8.659761816732e-06,0,289,0.0,1.1586827428554582,pump_trades+expand_max,1,8.0,0.0
6NQYezpjcWuqttbqSUXoAXBGrbzNQiNuKC23EYvEpump,2026-09-21T14:06:32+00:00,8448.716709194829,2026-09-21T14:06:03+00:00,1,227,0,1,pump_trade_mc_band,2026-09-21T14:06:31+00:00,8438.172594185999,8.438172594186e-06,0,227,0.0,1.0012495732803681,pump_trades+expand_max,1,26.0,-0.0002777777777777778
1433zgjkzqhtsCCkFsyH3im2oJYbC6GAqQ7vJQrPpump,2026-09-16T07:05:34+00:00,10439.442658116,2026-09-16T07:05:34+00:00,1,1200,1,1,pump_trade_mc_band_deep,2026-09-16T07:20:10+00:00,16324.195131835002,1.6324195131835e-05,0,4000,1.0,47.36546123879888,pump_trades+expand_max,1,2122.0,0.24333333333333335
DFFFPSTKs8s9obqtcQ4eUk38iCMZMjwAjDtuSHRZpump,2026-09-16T11:22:47+00:00,8032.2633799284,2026-09-16T11:22:10+00:00,1,156,0,1,pump_trade_mc_band,2026-09-16T11:22:47+00:00,8281.170907132,8.281170907132e-06,0,156,0.0,1.014773270722049,pump_trades+expand_max,1,38.0,0.0
EXYowbjPPyi9UzeEEDoR9NdhvDjDfrvffomtQUbfpump,2026-09-13T04:49:13+00:00,13490.397704332494,2026-09-13T04:48:37+00:00,1,205,0,1,pump_trade_mc_band,2026-09-13T04:49:12+00:00,9275.824036275,9.275824036275e-06,0,205,0.0,2.8435761439379696,pump_trades+expand_max,1,78.0,-0.0002777777777777778
6fMtoAsJKVJFBbjds6Zqn9cAyh7RCJXitdozyGcNpump,2026-09-21T16:59:21+00:00,8128.634106568202,2026-09-21T16:59:04+00:00,1,95,0,1,pump_trade_mc_band,2026-09-21T16:59:21+00:00,8286.706626901,8.286706626901e-06,0,95,0.0,0.9809245666041019,pump_trades+expand_max,1,43.0,0.0
5N2X9sL1bystUFEQR3adBZve97Xdf5G97fMArzvRpump,2026-09-11T20:01:44+00:00,8451.049786418407,2026-09-11T20:01:18+00:00,1,95,0,1,pump_trade_mc_band,2026-09-11T20:01:43+00:00,8444.400752104,8.444400752104e-06,0,95,0.0,1.649555771680345,pump_trades+expand_max,1,17.0,-0.0002777777777777778
BuNmEZK5ePmGER5JBbE5cwnPecbyAyEmuFmGqi4epump,2026-09-06T01:10:00+00:00,8961.455715682647,2026-09-06T01:03:06+00:00,1,216,0,1,pump_trade_mc_band,2026-09-06T01:09:56+00:00,8938.370366989999,8.93837036699e-06,0,216,0.0,1.7981935754729264,pump_trades+expand_max,1,81.0,-0.0011111111111111111
G5PdcehY3WcQyGzWUTzwtUAp68m8dJtshhvpfbuRpump,2026-09-21T17:01:26+00:00,8603.205370674688,2026-09-21T16:58:46+00:00,1,89,0,1,pump_trade_mc_band,2026-09-21T17:01:23+00:00,8623.406750905999,8.623406750906e-06,0,89,0.0,2.9880267022351523,pump_trades+expand_max,1,66.0,-0.0008333333333333334
GfqpMW4WyARXbFcC9Z6LguuF9fNdDnVbT2K9Risvpump,2026-09-06T23:20:12+00:00,8055.922965638292,2026-09-06T23:20:12+00:00,1,1200,1,1,pump_trade_mc_band,2026-09-06T23:46:07+00:00,10439.561030425,1.0439561030425e-05,0,1200,1.0,13.13783820176203,pump_trades+expand_max,1,828.0,0.43194444444444446
5VgkHYXAmiiepaeewPWykCpMWFXqNBKFKLoLVHWnpump,2026-09-16T11:30:10+00:00,8187.811394328196,2026-09-16T11:30:03+00:00,1,102,0,1,pump_trade_mc_band,2026-09-16T11:30:10+00:00,8162.173241017,8.162173241017e-06,0,102,0.0,1.277956155872565,pump_trades+expand_max,1,16.0,0.0
G6C2rfCmRHLK9tYP6D4FryRRdtN8dvLn6gd1gbovpump,2026-09-12T00:39:58+00:00,11515.39307985045,2026-09-12T00:39:58+00:00,1,286,0,1,pump_trade_mc_band,2026-09-12T00:39:58+00:00,16182.044525805002,1.6182044525805e-05,0,286,0.0,3.5505742597946397,pump_trades+expand_max,1,7.0,0.0
EQrfXH88tao3sCWkdhyuoGcroaVv25QKDgR32KEZpump,2026-09-04T17:46:16+00:00,11339.985743608067,2026-09-04T17:46:16+00:00,1,372,0,1,pump_trade_mc_band,2026-09-04T17:46:16+00:00,11362.071494094,1.1362071494094e-05,0,372,0.0,1.7857581715296098,pump_trades+expand_max,1,4.0,0.0
AJZ2JEENMeg3RJs2dZgiHhdyBuyHjA7TRD61S3Zpump,2026-09-13T04:43:30+00:00,10897.106109349628,2026-09-13T04:43:30+00:00,1,1200,1,1,pump_trade_mc_band_deep,2026-09-13T05:02:03+00:00,19460.803847604,1.9460803847604e-05,0,4000,1.0,89.77333373646773,pump_trades+expand_max,1,2114.0,0.30916666666666665
58RcQMnGhumQvKEPai7J6SsZJCy1F9AjKJ6sEGnLpump,2026-09-17T17:51:22+00:00,8643.33895394346,2026-09-17T17:51:22+00:00,1,115,0,1,pump_trade_mc_band,2026-09-17T17:51:22+00:00,8791.227227884,8.791227227884e-06,0,115,0.0,1.0958245579149666,pump_trades+expand_max,1,18.0,0.0
AingNSKGaWj3oA3CwAcdBaMUqrfSgLDXuv4PUGcJpump,2026-09-12T09:06:05+00:00,11513.395205901154,2026-08-29T02:31:42+00:00,1,45,0,1,pump_trade_mc_band,2026-08-29T02:31:46+00:00,12072.338402849,1.2072338402849e-05,0,45,0.0,1.2822039351516192,pump_trades+expand_max,1,8.0,-342.57194444444445
bKdhdj75eidUUqLwRZevoiXHjGY2GLaYcWEqvZUpump,2026-09-13T21:29:15+00:00,8282.030224951524,2026-09-13T21:29:15+00:00,1,505,0,1,pump_trade_mc_band,2026-09-13T21:29:15+00:00,10664.920930011,1.0664920930011e-05,0,505,0.0,2.2437342738383776,pump_trades+expand_max,1,11.0,0.0
2gVPq2owhhvU8MuL4HsqqP9jtRewEocXjmsMH1PWpump,2026-09-11T23:51:02+00:00,10320.975208567424,2026-09-11T23:48:01+00:00,1,284,0,1,pump_trade_mc_band,2026-09-11T23:51:02+00:00,10675.892561882,1.0675892561882e-05,0,284,0.0,1.030571212606833,pump_trades+expand_max,1,113.0,0.0
zcxuKMg3c5etRuSBib1cNfZgBKnQCrcUkq9mNZCpump,2026-09-21T05:29:23+00:00,9308.88320880706,2026-09-21T05:29:23+00:00,1,453,0,0,never_in_band,,,,1,453,,,,0,,
GVia9jeiqB4N9trktetKQbDuCkdzGaTrCNQMKCe7pump,2026-09-18T06:39:51+00:00,9064.761185524509,2026-09-18T06:39:41+00:00,1,24,0,1,pump_trade_mc_band,2026-09-18T06:39:49+00:00,9069.369632091,9.069369632091e-06,0,24,0.0,1.0608253172740976,pump_trades+expand_max,1,13.0,-0.0005555555555555556
5iBr8YD1VrsXJCJkE1TSg5LR6HUrhSGAa4cQCkKMpump,2026-09-04T05:56:19+00:00,9656.48208621688,2026-09-04T05:56:13+00:00,1,26,0,1,pump_trade_mc_band,2026-09-04T05:56:18+00:00,9543.706115813,9.543706115813e-06,0,26,0.0,1.056434641331065,pump_trades+expand_max,1,18.0,-0.0002777777777777778
8ABoQgvtW1vaN8ihZGNbrf6EM7FN8zcTQXZroJe3pump,2026-09-21T14:46:35+00:00,8162.257342838654,2026-09-21T14:46:14+00:00,1,560,0,1,pump_trade_mc_band,2026-09-21T14:46:35+00:00,8420.498442068001,8.420498442068e-06,0,560,0.0,1.2765472847081365,pump_trades+expand_max,1,31.0,0.0
FcmdQ8snTezjdsbNB3QWz6foj7YoV2FgB8rDG7sopump,2026-09-09T20:02:10+00:00,8869.58922730941,2026-09-09T20:01:14+00:00,1,460,0,1,pump_trade_mc_band,2026-09-09T20:02:08+00:00,9424.348779516,9.424348779516e-06,0,460,0.0,1.3138493814834071,pump_trades+expand_max,1,68.0,-0.0005555555555555556
F397phLLZfSkGpBeYiBJRqeY7RSYJQwDUb7tRhLxpump,2026-09-19T14:35:05+00:00,11982.851018248142,2026-09-19T14:35:05+00:00,1,1200,1,1,pump_trade_mc_band_deep,2026-09-19T15:06:04+00:00,19258.862379213002,1.9258862379213e-05,0,4000,1.0,37.9981572254375,pump_trades+expand_max,1,2409.0,0.5163888888888889
hnCjvFJTS8rA31fQ3yjJGgoXsMMU3H55KcYy5wfpump,2026-09-06T19:26:56+00:00,8036.95383938098,2026-09-06T19:25:52+00:00,1,619,0,1,pump_trade_mc_band,2026-09-06T19:26:56+00:00,8235.126952765999,8.235126952766e-06,0,619,0.0,1.3084290191730301,pump_trades+expand_max,1,250.0,0.0
HDkaJkgAMGcP4VECv9Rr2q43utPQpYNZGX2hvzY4pump,2026-09-12T14:06:58+00:00,8067.547173524141,2026-09-12T13:57:24+00:00,1,1200,0,1,pump_trade_mc_band,2026-09-12T14:10:55+00:00,12191.601704713,1.2191601704713e-05,0,1200,0.0,1.6450272803051782,pump_trades+expand_max,1,3.0,0.06583333333333333
J9rtDWaaSZJTK1kGA3eJRYFkgoMy1reM5DiCx2iupump,2026-09-14T20:21:21+00:00,8002.131685727049,2026-09-14T20:20:50+00:00,1,63,0,1,pump_trade_mc_band,2026-09-14T20:21:20+00:00,8116.434182749001,8.116434182749e-06,0,63,0.0,0.985917153463168,pump_trades+expand_max,1,62.0,-0.0002777777777777778
7fYHntQP8hCTBp8kyNMFE26vsiuPtpSNcVy124dXpump,2026-09-22T04:38:28+00:00,12481.243301207478,2026-09-22T04:38:28+00:00,1,1200,1,1,pump_trade_mc_band_deep,2026-09-22T04:49:31+00:00,17899.501131931,1.7899501131931e-05,0,4000,1.0,72.24711202428689,pump_trades+expand_max,1,1812.0,0.18416666666666667
GGD66SNtUo13s7eCyg3z2Ur6P9ma42QNB7TaBRjLpump,2026-09-11T17:47:01+00:00,8274.355893097869,2026-09-11T17:44:05+00:00,1,477,0,1,pump_trade_mc_band,2026-09-11T17:46:59+00:00,8109.5275130360005,8.109527513036e-06,0,477,0.0,1.1245977497311332,pump_trades+expand_max,1,265.0,-0.0005555555555555556
Aep6Szmvs8tPQgTmPAubz4pyNgnSThK26hUAyg7fpump,2026-09-18T13:47:55+00:00,8874.091886977312,2026-09-18T13:47:51+00:00,1,72,0,1,pump_trade_mc_band,2026-09-18T13:47:55+00:00,8980.298252546,8.980298252546e-06,0,72,0.0,1.0019663568598063,pump_trades+expand_max,1,19.0,0.0
JDSQWshgaGnLDEXtncDerfeAQcesPaYVcXt399H9pump,2026-09-07T15:06:36+00:00,8377.18344730343,2026-09-07T15:06:35+00:00,1,48,0,1,pump_trade_mc_band,2026-09-07T15:06:36+00:00,9124.734889624,9.124734889624e-06,0,48,0.0,0.9999549931888239,pump_trades+expand_max,1,17.0,0.0
53bUJJUEJHz645wVrAXUFLxBYN1Yn2oGcSHjy8qZpump,2026-09-22T17:53:53+00:00,11997.101619301378,2026-09-22T17:53:50+00:00,1,800,0,1,pump_trade_mc_band,2026-09-22T17:53:53+00:00,13188.628588190999,1.3188628588191e-05,0,800,0.0,1.1535786131080839,pump_trades+expand_max,1,70.0,0.0
EXiHZ98j7HQsQfgrMaDsbawwKVWuvDGwaFZoJr97pump,2026-09-08T10:08:45+00:00,8476.667088131335,2026-09-08T10:08:34+00:00,1,307,0,1,pump_trade_mc_band,2026-09-08T10:08:45+00:00,8588.270385771,8.588270385771e-06,0,307,0.0,3.2491955119046794,pump_trades+expand_max,1,24.0,0.0
BeAkBNV2BnPA98J6nbEhbxYr4SaWyafmv35wo2W6pump,2026-09-18T22:48:35+00:00,8979.776659885943,2026-09-18T22:48:30+00:00,1,283,0,1,pump_trade_mc_band,2026-09-18T22:48:34+00:00,9007.287563357,9.007287563357e-06,0,283,0.0,1.6423592606363508,pump_trades+expand_max,1,7.0,-0.0002777777777777778
FAYors98y7fYYeaxtNam8zTFg5fVpR1edXFhRsHqpump,2026-09-15T23:27:21+00:00,8058.861346479598,2026-09-15T23:27:05+00:00,1,1200,0,1,pump_trade_mc_band,2026-09-15T23:31:41+00:00,14115.051435297999,1.4115051435298e-05,0,1200,0.0,1.568142383407524,pump_trades+expand_max,1,12.0,0.07222222222222222
uWwzud6Wt2TxJmUXFHQC9mArN36nBaHjZQM2M2Gpump,2026-09-02T22:21:00+00:00,8875.652144816659,2026-09-02T22:20:29+00:00,1,89,0,1,pump_trade_mc_band,2026-09-02T22:21:00+00:00,8879.819483708,8.879819483708e-06,0,89,0.0,0.99953069553959,pump_trades+expand_max,1,65.0,0.0
HQpvPHBm4VUf3WC2iFetDhCRruQKykdMAbb3cs9bpump,2026-09-19T17:38:20+00:00,13180.944631354869,2026-09-19T17:37:57+00:00,1,167,0,1,pump_trade_mc_band,2026-09-19T17:38:20+00:00,14041.540353017,1.4041540353017e-05,0,167,0.0,1.7353089902092815,pump_trades+expand_max,1,44.0,0.0
2tnaZ1yAgvpUAxtFCaYwMNTCp9BYzzW6w8GLv9pEpump,2026-09-03T18:42:04+00:00,10352.01239547832,2026-09-03T18:40:28+00:00,1,180,0,1,pump_trade_mc_band,2026-09-03T18:42:02+00:00,10334.018203048,1.0334018203048e-05,0,180,0.0,2.095930948558287,pump_trades+expand_max,1,45.0,-0.0005555555555555556
7roZVy9kgzrfTCcsk4uYDFBNExzvrAzM9hqVtREcpump,2026-09-17T09:05:05+00:00,8060.435106573545,2026-09-17T09:02:25+00:00,1,1200,0,1,pump_trade_mc_band,2026-09-17T09:05:05+00:00,8112.153214954001,8.112153214954e-06,0,1200,0.0,1.7361163674936655,pump_trades+expand_max,1,255.0,0.0
6skfmWz2khBBs9VsW2KyDGbZB9qtfRpwuio1kikgpump,2026-09-10T09:04:33+00:00,8093.137669121266,2026-09-10T09:04:24+00:00,1,364,0,1,pump_trade_mc_band,2026-09-10T09:04:33+00:00,8426.71158574,8.42671158574e-06,0,364,0.0,2.280400594224147,pump_trades+expand_max,1,34.0,0.0
FhY9hxzBB276hVS8s3vBGixjXaSZ6XgPyKHksmbQpump,2026-09-19T20:19:25+00:00,8058.072475340621,2026-09-19T20:17:23+00:00,1,453,0,1,pump_trade_mc_band,2026-09-19T20:19:25+00:00,8036.917069759999,8.03691706976e-06,0,453,0.0,1.1999950331830413,pump_trades+expand_max,1,132.0,0.0
4n2AafAdvL1h2kJc61YyZ4UkytPghDGTQnmES4wxpump,2026-09-18T03:18:11+00:00,8029.82991570459,2026-09-17T13:55:31+00:00,1,1200,0,1,pump_trade_mc_band,2026-09-18T06:42:20+00:00,8066.86702021,8.06686702021e-06,0,1200,0.0,2.681536645285852,pump_trades_post_t0,1,2.0,3.4025
58PQ7ksvoVKte7HL2JsKaHtx6GfhSGHc2kkRK2Sfpump,2026-09-13T22:02:34+00:00,8182.185610818018,2026-09-13T22:02:26+00:00,1,294,0,1,pump_trade_mc_band,2026-09-13T22:02:34+00:00,8108.220549899999,8.1082205499e-06,0,294,0.0,1.0370825083176907,pump_trades+expand_max,1,108.0,0.0
F97Q54tNAjfgodGHugc8cjJE6fC7v85VssuCjQqipump,2026-09-20T17:25:33+00:00,8814.091983391003,2026-09-20T17:25:26+00:00,1,13,0,1,pump_trade_mc_band,2026-09-20T17:25:32+00:00,8836.218116161,8.836218116161e-06,0,13,0.0,0.9974959725440083,pump_trades+expand_max,1,9.0,-0.0002777777777777778
CkDXxq2rToWkrSRz3sK2uqxQg9ABuwWhFRKSuBaWpump,2026-09-18T18:16:04+00:00,8025.867875546231,2026-09-18T18:16:03+00:00,1,208,0,1,pump_trade_mc_band,2026-09-18T18:16:04+00:00,8206.344385793001,8.206344385793e-06,0,208,0.0,0.9780076850589873,pump_trades+expand_max,1,30.0,0.0
7NY5CYTs6KGqZiJqAXm5pc5CaSAiohrMgqKnezE4pump,2026-09-14T16:06:21+00:00,10000.1788954335,2026-09-14T16:06:13+00:00,1,285,0,1,pump_trade_mc_band,2026-09-14T16:06:20+00:00,10007.044858152,1.0007044858152e-05,0,285,0.0,0.9993138870849664,pump_trades+expand_max,1,15.0,-0.0002777777777777778
GyQZtVvnr2nvhNFVJgPXUExxYyfmMCi3ZLsfdqbPpump,2026-09-10T02:37:33+00:00,8760.407687578132,2026-09-10T02:36:24+00:00,1,122,0,1,pump_trade_mc_band,2026-09-10T02:37:27+00:00,8230.313942361001,8.230313942361e-06,0,122,0.0,1.1620643110959343,pump_trades+expand_max,1,41.0,-0.0016666666666666668
FtpURBmxFz1TGqGcFNFmBoZUu1PB2KDBqQ219HS6pump,2026-09-11T13:14:41+00:00,8161.398178568525,2026-09-11T13:09:47+00:00,1,1200,0,1,pump_trade_mc_band,2026-09-11T13:14:38+00:00,8003.129242583,8.003129242583e-06,0,1200,0.0,2.193778245715796,pump_trades+expand_max,1,100.0,-0.0008333333333333334
JBVU74kmEX2vGuA9rmBLtEhCtaGWX1BCcUedJkHEpump,2026-09-11T03:33:43+00:00,8213.780592546935,2026-09-11T03:32:17+00:00,1,335,0,1,pump_trade_mc_band,2026-09-11T03:33:43+00:00,8227.566362633,8.227566362633e-06,0,335,0.0,2.6773512124045062,pump_trades+expand_max,1,153.0,0.0
2tEpSS7mTgMeDHbiZX2Y59gyZk5YgDLkFiAeFy8Jpump,2026-09-17T15:25:51+00:00,9089.013346038046,2026-09-17T15:24:06+00:00,1,468,0,1,pump_trade_mc_band,2026-09-17T15:25:50+00:00,9132.920394634999,9.132920394635e-06,0,468,0.0,4.428385786239229,pump_trades+expand_max,1,167.0,-0.0002777777777777778
8CiibF4RNqZJpxFPHXarG5syaun3ci13uBVvbiXEpump,2026-09-19T01:02:06+00:00,8083.338877346988,2026-09-19T01:01:55+00:00,1,10,0,1,pump_trade_mc_band,2026-09-19T01:02:01+00:00,8376.896402609,8.376896402609e-06,0,10,0.0,0.9683997028974173,pump_trades+expand_max,1,8.0,-0.001388888888888889
ALMMguWLiZzYXmsL9Xyuo261fqV3N781J9UK4bBupump,2026-09-19T23:53:01+00:00,8108.608507837616,2026-09-19T23:51:00+00:00,1,158,0,1,pump_trade_mc_band,2026-09-19T23:53:00+00:00,8109.416497932,8.109416497932e-06,0,158,0.0,1.3021625976440934,pump_trades+expand_max,1,124.0,-0.0002777777777777778
BfQdAJ5UDU9gJUo1xxDPSGjdR5DF2uCK18PwYENcpump,2026-09-21T08:39:20+00:00,8627.982030580264,2026-09-21T08:36:24+00:00,1,176,0,1,pump_trade_mc_band,2026-09-21T08:39:07+00:00,8766.621167148001,8.766621167148e-06,0,176,0.0,1.086279739758741,pump_trades+expand_max,1,30.0,-0.003611111111111111
ABwdNujPmuP6F6NgH4i8NDDwMkDW17CmqwHzctsEpump,2026-09-20T08:02:15+00:00,9011.863579572044,2026-09-20T08:01:18+00:00,1,60,0,1,pump_trade_mc_band,2026-09-20T08:02:11+00:00,9028.684837289,9.028684837289e-06,0,60,0.0,0.9981369094148149,pump_trades+expand_max,1,56.0,-0.0011111111111111111
HHeApLHA4TmmwKUHxS7VxRJzUV5h3RDnm8QMPzi3pump,2026-09-22T00:09:52+00:00,8073.870056620601,2026-09-22T00:09:25+00:00,1,270,0,1,pump_trade_mc_band,2026-09-22T00:09:52+00:00,8374.285361736002,8.374285361736e-06,0,270,0.0,1.2264178749779235,pump_trades+expand_max,1,134.0,0.0
4oRJBg69i9pqbEXSZCh7UZBK5Biy2PHTXcSZmSGJpump,2026-09-16T12:00:09+00:00,8881.397572958815,2026-09-16T11:59:44+00:00,1,1065,0,1,pump_trade_mc_band,2026-09-16T12:00:09+00:00,9415.506992669,9.415506992669e-06,0,1065,0.0,6.529198154739886,pump_trades+expand_max,1,23.0,0.0
AGpL6XTBgSXWQhvefG981x2zZYDDMqgtSkQN4NeEpump,2026-09-09T22:30:56+00:00,8756.43915568271,2026-09-09T22:29:52+00:00,1,49,0,1,pump_trade_mc_band,2026-09-09T22:30:53+00:00,8741.012216302,8.741012216302e-06,0,49,0.0,1.41140074005192,pump_trades+expand_max,1,20.0,-0.0008333333333333334
DYCpthnAQGh9Ty1oiFySRiqPZhbPyEZA2JPEytkkpump,2026-09-01T08:47:23+00:00,9042.192629240388,2026-09-01T08:47:13+00:00,1,1040,0,1,pump_trade_mc_band,2026-09-01T08:47:22+00:00,9043.535575943999,9.043535575944e-06,0,1040,0.0,0.9998515020267976,pump_trades+expand_max,1,18.0,-0.0002777777777777778
ERrhAUgUecYPW99gjw1QsVRf8AUvf7HNYHuMEBGMpump,2026-09-18T16:16:14+00:00,17488.428339187056,2026-09-18T16:16:14+00:00,1,1200,0,1,pump_trade_mc_band,2026-09-18T16:24:47+00:00,15818.231239878001,1.5818231239878e-05,0,1200,0.0,5.045130110580337,pump_trades+expand_max,1,892.0,0.1425
EyEqUmca67zUTnQB7XzVNSWzJNkc3mvYfiYMHJzYpump,2026-09-18T12:55:55+00:00,8001.584137118461,2026-09-18T12:54:52+00:00,1,17,0,1,pump_trade_mc_band,2026-09-18T12:55:50+00:00,8001.412462652,8.001412462652e-06,0,17,0.0,1.3241004116120125,pump_trades+expand_max,1,14.0,-0.001388888888888889
8qdm5MHTiFvYBfFDVg4L65j7YjHMcVhrHzQx9Jfvpump,2026-09-19T22:44:57+00:00,8542.34162730014,2026-09-19T22:44:45+00:00,1,786,0,1,pump_trade_mc_band,2026-09-19T22:44:57+00:00,8799.111661488001,8.799111661488e-06,0,786,0.0,1.0417485241478202,pump_trades+expand_max,1,119.0,0.0
ALosyFS9qkKAD7vfYwUBph9WZ34xYwpgFC1sgxD9pump,2026-09-17T07:00:43+00:00,9597.372511427136,2026-09-17T07:00:23+00:00,1,17,0,1,pump_trade_mc_band,2026-09-17T07:00:40+00:00,9588.451295474999,9.588451295475e-06,0,17,0.0,1.4643742214204387,pump_trades+expand_max,1,10.0,-0.0008333333333333334
HWGhQUfN1ToqQWsnSbqT4PDrgEbp95PL85CMxwf4pump,2026-09-10T10:14:18+00:00,8789.182323297653,2026-09-10T10:13:49+00:00,1,30,0,1,pump_trade_mc_band,2026-09-10T10:14:17+00:00,8781.000287577,8.781000287577e-06,0,30,0.0,1.001764644876498,pump_trades+expand_max,1,13.0,-0.0002777777777777778
A98TABt3RdU3MDYBuhAUMMxAF3sqxfttJrMQcydUpump,2026-09-22T20:35:17+00:00,8038.697252178844,2026-09-22T20:34:05+00:00,1,649,0,1,pump_trade_mc_band,2026-09-22T20:35:17+00:00,8068.733330887,8.068733330887e-06,0,649,0.0,1.4409135164201676,pump_trades+expand_max,1,46.0,0.0
4bU1kvuoYhdY6pGAXTaAso1LP37NmivjvBkZKfXhpump,2026-09-22T20:30:15+00:00,8672.4120505197,2026-09-22T20:30:06+00:00,1,555,0,1,pump_trade_mc_band,2026-09-22T20:30:15+00:00,8640.644065197,8.640644065197e-06,0,555,0.0,1.6314875712250039,pump_trades+expand_max,1,96.0,0.0
9U4BXJuJWE3BzxQ5QgfhWka4sRbHa6Zv6roA2eL4pump,2026-09-01T18:01:46+00:00,8342.477325452573,2026-09-01T18:01:24+00:00,1,99,0,1,pump_trade_mc_band,2026-09-01T18:01:43+00:00,8331.178794903,8.331178794903e-06,0,99,0.0,3.1759941166855095,pump_trades+expand_max,1,24.0,-0.0008333333333333334
HceVrAZ4JVx11H47nuWcSzxDwq6TbBybkG7YrGSHpump,2026-09-19T17:27:42+00:00,8193.34858889644,,1,19,0,1,pump_trade_mc_band,2026-09-19T17:27:42+00:00,8099.131765635,8.099131765635e-06,0,19,0.0,1.111155905786454,pump_trades+expand_max,0,15.0,0.0
2yBdSZNcETMtUnmAwH8CjazHJg9KnC35Hu3HNSzapump,2026-09-11T06:30:58+00:00,8519.366973059947,2026-09-11T06:30:25+00:00,1,731,0,1,pump_trade_mc_band,2026-09-11T06:30:57+00:00,8518.550549186,8.518550549186e-06,0,731,0.0,1.0000958407030907,pump_trades+expand_max,1,29.0,-0.0002777777777777778
9gycPgLpJBypLLm1N1RSNdyJQrXfFg9noJ7vL63bpump,2026-09-10T22:42:05+00:00,19906.35383743181,,1,100,0,1,pump_trade_mc_band,2026-09-10T22:42:05+00:00,19659.203010689,1.9659203010689e-05,0,100,0.0,1.1121975268053723,pump_trades+expand_max,0,27.0,0.0
GJwaSACg14MvHDeXt2kF4RQRsUfhPR1PR35PyEaipump,2026-09-13T03:53:08+00:00,9958.78748984814,2026-09-13T03:52:46+00:00,1,704,0,1,pump_trade_mc_band,2026-09-13T03:53:07+00:00,8788.241789611,8.788241789611e-06,0,704,0.0,1.8111651390948504,pump_trades+expand_max,1,44.0,-0.0002777777777777778
GWcAPiF2cBf5de8E1eSERcnVdH411NqT2peG7zDJpump,2026-09-19T01:19:41+00:00,8084.4379433183,,1,100,0,1,pump_trade_mc_band,2026-08-27T21:44:11+00:00,8570.937736103,8.570937736103e-06,0,100,0.0,1.0115369296183874,pump_trades+expand_max,0,1.0,-531.5916666666667
FfJ97dyjkFkPgNAiN9oNahKLpAZRq9Yy8ZrH7Z5Mpump,2026-09-22T18:57:10+00:00,9268.968845383137,2026-09-22T18:57:06+00:00,1,43,0,1,pump_trade_mc_band,2026-09-22T18:57:10+00:00,10374.705495279999,1.037470549528e-05,0,43,0.0,0.9330206009941422,pump_trades+expand_max,1,6.0,0.0
Cp585SMnntss81DgefDRvgddvg2UXueAF8iDRNKopump,2026-09-03T18:51:37+00:00,8506.356705463215,2026-09-03T18:51:37+00:00,1,341,0,1,pump_trade_mc_band,2026-09-03T18:51:37+00:00,8076.603691193,8.076603691193e-06,0,341,0.0,1.2138978437624466,pump_trades+expand_max,1,13.0,0.0
4wjCbrDXEvY4rExZLYAbVxUFZR42MBge7zf6n9n1pump,2026-09-18T18:26:48+00:00,8171.218983509716,2026-09-18T18:26:45+00:00,1,6,0,1,pump_trade_mc_band,2026-09-18T18:26:48+00:00,8148.198013560001,8.14819801356e-06,0,6,0.0,1.0028252835671647,expand_max_mc_after_t0,1,6.0,0.0
mjEX9W877itKmBfSYh3WRdPHM27QcvJhCLUqvnqpump,2026-09-11T16:13:26+00:00,8011.630227126813,2026-09-11T16:13:05+00:00,1,463,0,1,pump_trade_mc_band,2026-09-11T16:13:26+00:00,8032.800596189,8.032800596189e-06,0,463,0.0,1.4526304352937558,pump_trades+expand_max,1,115.0,0.0
FbgqZVKddZUSPZH1zZy1xfeRXeiDCG4W9L3Krngupump,2026-09-15T18:46:57+00:00,8007.0406568659555,2026-09-15T18:42:28+00:00,0,0,0,1,pump_trade_mc_band_deep,2026-09-15T21:03:59+00:00,8145.1650907680005,8.145165090768e-06,0,600,0.0,0.3442118075385315,pump_trades_post_t0,1,532.0,2.283888888888889
6pj9kX2Z9WEGTbwBXKQgDeHrJAPh34qoB5b2wVD6pump,2026-09-20T16:25:44+00:00,8696.14310478541,2026-09-20T16:25:37+00:00,1,65,0,1,pump_trade_mc_band,2026-09-20T16:25:44+00:00,8736.244780475,8.736244780475e-06,0,65,0.0,0.99540973533855,pump_trades+expand_max,1,12.0,0.0
8ZSo9sUkhJNAt67DEaazu3G97ATEdyBev1RvLDJ7pump,2026-09-06T09:39:00+00:00,8346.158346147411,2026-09-06T09:38:40+00:00,1,36,0,1,pump_trade_mc_band,2026-09-06T09:38:59+00:00,8323.183773495,8.323183773495e-06,0,36,0.0,1.2034191755695698,pump_trades+expand_max,1,31.0,-0.0002777777777777778
6mD83y4QPdBqJocQgL5izXSVa6jtQezsoxNcQGoGpump,2026-09-09T17:30:35+00:00,8423.18565846245,2026-09-09T17:30:30+00:00,1,32,0,1,pump_trade_mc_band,2026-09-09T17:30:35+00:00,8421.815340341,8.421815340341e-06,0,32,0.0,5.129806197330033,pump_trades+expand_max,1,11.0,0.0
BJJY7xRFJfC5fRG2UpAuQqj7CXM4XHHRKWCJvRYWpump,2026-09-02T13:10:00+00:00,10937.343984468289,2026-09-02T13:09:46+00:00,1,56,0,1,pump_trade_mc_band,2026-09-02T13:09:59+00:00,9046.613096342,9.046613096342e-06,0,56,0.0,1.334171988418008,pump_trades+expand_max,1,17.0,-0.0002777777777777778
A7unMMWMB8ZBaT6u7F418XWw3k9LPxPnbCgNeAAjpump,2026-09-06T11:49:55+00:00,8107.740450495768,2026-09-06T11:48:43+00:00,0,0,0,1,pump_trade_mc_band_deep,2026-09-06T11:49:55+00:00,8163.54105262,8.16354105262e-06,0,1779,0.0,3.497285016917029,pump_trades+expand_max,1,253.0,0.0
FoaQYEHTLdFkr3UccB2W3o9YD71nfENxDCUo9nNvpump,2026-09-21T23:49:54+00:00,8298.703170034063,2026-09-21T23:47:35+00:00,1,661,0,1,pump_trade_mc_band,2026-09-21T23:49:53+00:00,8302.006312417001,8.302006312417e-06,0,661,0.0,5.947450956656163,pump_trades+expand_max,1,115.0,-0.0002777777777777778
97fP3RENTsNHFG8zVUuxVKPhhd7aB6YpAPfYcDxwpump,2026-09-13T22:12:16+00:00,8533.693852882625,2026-09-13T22:09:20+00:00,1,924,0,1,pump_trade_mc_band,2026-09-13T22:12:15+00:00,8108.370581386999,8.108370581387e-06,0,924,0.0,1.1141837981701654,pump_trades+expand_max,1,338.0,-0.0002777777777777778
5FsRsdmFDgBWVKX2JpUWHao3VnbyMdp65pDiieZypump,2026-09-14T10:19:41+00:00,8054.160200529006,2026-09-14T10:19:21+00:00,1,224,0,1,pump_trade_mc_band,2026-09-14T10:19:37+00:00,8027.690761122,8.027690761122e-06,0,224,0.0,1.3055547942670338,pump_trades+expand_max,1,31.0,-0.0011111111111111111
AFLHYDm6HtzLghR26xmajVtBVNowNfFbDVx4fo2tpump,2026-09-19T22:50:16+00:00,8687.497842694094,2026-09-19T22:50:16+00:00,1,26,0,1,pump_trade_mc_band,2026-09-19T22:50:17+00:00,19176.541330185002,1.9176541330185e-05,0,26,0.0,0.9970479626985094,pump_trades+expand_max,1,3.0,0.0002777777777777778
9h5asbVieyHTtWPrnxAGNjyU1g9e8S7oGBLfh2m2pump,2026-09-20T21:59:22+00:00,12130.97156471218,2026-09-20T21:59:22+00:00,1,524,0,1,pump_trade_mc_band,2026-09-20T21:59:22+00:00,12279.767219136002,1.2279767219136e-05,0,524,0.0,1.4812581842534962,pump_trades+expand_max,1,4.0,0.0
C9KuMhXasw1Vrd3tSXKVqurRQ2AXncnuxXHKbvSrpump,2026-09-22T11:53:15+00:00,8143.485315843364,2026-09-22T11:53:04+00:00,1,180,0,1,pump_trade_mc_band,2026-09-22T11:53:14+00:00,8146.670547851001,8.146670547851e-06,0,180,0.0,1.265258384991691,pump_trades+expand_max,1,12.0,-0.0002777777777777778
vCDi79nFUSaCtMxc6v8XnK6zRUkHqyYKxYKcJpypump,2026-09-17T10:51:19+00:00,8258.786961500213,2026-09-17T10:51:19+00:00,1,16,0,1,pump_trade_mc_band,2026-09-17T10:51:19+00:00,17069.549680049,1.7069549680049e-05,0,16,0.0,1.549302614251572,pump_trades+expand_max,1,5.0,0.0
kxYwKEmWp737VMSoEoynRmmDU77wncN8jfD4xDFpump,2026-09-21T22:47:43+00:00,8334.369744886124,2026-09-21T22:47:31+00:00,1,275,0,1,pump_trade_mc_band,2026-09-21T22:47:42+00:00,8265.284226259,8.265284226259e-06,0,275,0.0,1.1170951221229681,pump_trades+expand_max,1,39.0,-0.0002777777777777778
2UdaV4iFhcBuWkok4KydBerdVnUJUpN5mC2RCCaHpump,2026-09-11T19:14:57+00:00,8506.762860809537,2026-09-11T19:14:46+00:00,1,88,0,1,pump_trade_mc_band,2026-09-11T19:14:57+00:00,8510.986074579,8.510986074579e-06,0,88,0.0,0.9995037926589874,pump_trades+expand_max,1,13.0,0.0
nroUNvQj17Qk3iQLafn3GDhWh7vuKYrqYSRsSAWpump,2026-09-13T21:05:11+00:00,8479.374778526528,2026-09-13T21:05:06+00:00,1,9,0,1,pump_trade_mc_band,2026-09-13T21:05:11+00:00,8449.269233023,8.449269233023e-06,0,9,0.0,1.0035630945911704,expand_max_mc_after_t0,1,9.0,0.0
5tJ3pcP1WKngVLvtcVNEyi98Y5VtjZZ7FhtH5Mk3pump,2026-09-11T19:05:38+00:00,8319.59063403877,2026-09-11T19:05:32+00:00,1,35,0,1,pump_trade_mc_band,2026-09-11T19:05:37+00:00,8330.726702221,8.330726702221e-06,0,35,0.0,0.9986632536895897,pump_trades+expand_max,1,7.0,-0.0002777777777777778
95MBpfWMdPpCPSby46vgv83RgEaRm5NoTsvmhVMopump,2026-09-11T06:30:19+00:00,8407.54824804296,2026-09-11T06:29:32+00:00,1,62,0,1,pump_trade_mc_band,2026-09-11T06:30:15+00:00,8405.61204538,8.40561204538e-06,0,62,0.0,1.0002303464224267,pump_trades+expand_max,1,42.0,-0.0011111111111111111
4qNfXWnUcN4pjEdwpQUgwGnwCsSEmdenSXDdrLRkpump,2026-09-08T00:28:16+00:00,8116.780481221795,2026-09-08T00:28:09+00:00,1,12,0,1,pump_trade_mc_band,2026-09-08T00:28:15+00:00,8142.663671169,8.142663671169e-06,0,12,0.0,0.9968212871128583,pump_trades+expand_max,1,8.0,-0.0002777777777777778
7wxXtVZN2Q9ayGAjHWZ9sqwkCXbHtWNWzN7K3S8Apump,2026-09-16T07:56:31+00:00,8467.11386420505,2026-09-16T07:51:18+00:00,1,281,0,1,pump_trade_mc_band,2026-09-16T07:56:31+00:00,9143.986338945999,9.143986338946e-06,0,281,0.0,1.0512651447981096,pump_trades+expand_max,1,242.0,0.0
EZEGpKJ6B6nTtCtDxLSkRM1cemB43JifwjNzy5x3pump,2026-09-20T21:30:06+00:00,11496.842922348924,2026-09-20T21:30:01+00:00,1,214,0,1,pump_trade_mc_band,2026-09-20T21:30:05+00:00,8501.348380234,8.501348380234e-06,0,214,0.0,4.414592655492256,pump_trades+expand_max,1,7.0,-0.0002777777777777778
HdiXGE5ZpJ8gtdN3TB1KAySwkgSwJmmd7N2X7G3apump,2026-09-01T16:53:36+00:00,8094.318192448539,2026-09-01T16:52:59+00:00,1,1200,0,1,pump_trade_mc_band,2026-09-01T17:01:46+00:00,13443.404522418,1.3443404522418e-05,0,1200,0.0,2.591504741698336,pump_trades+expand_max,1,603.0,0.1361111111111111
9o5KkLrUcTz9mXeGT3E5WG9tNmNBt7nSEPQzor6Apump,2026-09-16T20:46:10+00:00,8254.880371703754,2026-09-16T20:36:56+00:00,1,386,0,1,pump_trade_mc_band,2026-09-16T20:46:01+00:00,8254.396578795999,8.254396578796e-06,0,386,0.0,1.4378923518072868,pump_trades+expand_max,1,39.0,-0.0025
AddJ4RP4UYbjzN5ouYSShrqsvCaZddStHiLxaNLKpump,2026-09-11T12:26:19+00:00,8240.829036479554,2026-09-11T12:26:10+00:00,1,145,0,1,pump_trade_mc_band,2026-09-11T12:26:18+00:00,8230.964107259,8.230964107259e-06,0,145,0.0,1.3283404110621229,pump_trades+expand_max,1,15.0,-0.0002777777777777778
3EEM7tvgbkYzRC4dEqSvYbQCC9pqDjf8yWpPnnafpump,2026-09-16T18:26:22+00:00,8067.129802903863,2026-09-16T18:26:15+00:00,1,177,0,1,pump_trade_mc_band,2026-09-16T18:26:21+00:00,8138.625679460999,8.138625679461e-06,0,177,0.0,1.0829936489932155,pump_trades+expand_max,1,37.0,-0.0002777777777777778
9R3EdjFKus6Xu4a1it82R2rtb8crCLjQwN3jhY2Cpump,2026-09-22T08:17:36+00:00,8232.018124740065,2026-09-22T08:16:36+00:00,1,1200,0,1,pump_trade_mc_band,2026-09-22T08:32:17+00:00,19144.44696257,1.914444696257e-05,0,1200,0.0,2.4697915919166733,pump_trades+expand_max,1,91.0,0.24472222222222223
2ceqTVF1ZwNQ9aAXT8aruHazQGYkcaphT3qQuAZfpump,2026-09-10T23:22:30+00:00,8293.279267441503,2026-09-10T23:22:25+00:00,1,80,0,1,pump_trade_mc_band,2026-09-10T23:22:30+00:00,9657.752236168,9.657752236168e-06,0,80,0.0,1.4413046075602245,pump_trades+expand_max,1,9.0,0.0
6P7oMkBmEnq5jsMLZr366BegQQdeFbzxX6P3Njmpump,2026-09-21T02:22:09+00:00,11949.624866050852,2026-09-21T02:22:09+00:00,1,1200,1,1,pump_trade_mc_band_deep,2026-09-21T13:33:47+00:00,19748.827595828,1.9748827595828e-05,0,2100,0.0,0.9878044488299205,pump_trades_post_t0,1,266.0,11.193888888888889
3Vk4M3R7ZU1sQbmv1mjmTCNG6uVUwNEgJgfsDwcPpump,2026-09-10T00:17:33+00:00,8038.913433183227,2026-09-10T00:17:31+00:00,1,539,0,1,pump_trade_mc_band,2026-09-10T00:17:33+00:00,8155.342125745,8.155342125745e-06,0,539,0.0,1.2281846834491144,pump_trades+expand_max,1,32.0,0.0
G9zBnEid7n39aHLhot9qtQ6RcCSJAtWjydppZ9hipump,2026-09-06T13:45:28+00:00,11420.150053616631,2026-09-06T13:45:28+00:00,1,1200,1,1,pump_trade_mc_band,2026-09-07T02:47:21+00:00,8063.112276573,8.063112276573e-06,0,1200,0.0,0.5769239954407678,pump_trades_post_t0,1,1104.0,13.03138888888889
DC72f18roH6g727pZKPNYstB274vr2yRAxxxpCfrpump,2026-09-18T06:02:50+00:00,10281.806978186209,2026-09-18T06:02:43+00:00,1,1200,0,1,pump_trade_mc_band,2026-09-18T06:03:04+00:00,15274.522251343002,1.5274522251343e-05,0,1200,0.0,1.2382208590750672,pump_trades+expand_max,1,9.0,0.0038888888888888888
6XKvQkpBHE6SUvtdc3LvRBjrdaVMuCYzW3dBaVimpump,2026-09-21T20:03:24+00:00,9380.719991530985,2026-09-21T20:03:05+00:00,1,403,0,1,pump_trade_mc_band,2026-09-21T20:03:24+00:00,8858.195158841,8.858195158841e-06,0,403,0.0,1.7540407007106324,pump_trades+expand_max,1,71.0,0.0
3gDf22Gc3hca8qBQoCuR2PBnpJ8B5LJAQKpHZ268pump,2026-09-21T08:55:18+00:00,8095.568262307076,2026-09-21T08:55:18+00:00,1,22,0,1,pump_trade_mc_band,2026-09-21T08:55:18+00:00,8111.7234220459995,8.111723422046e-06,0,22,0.0,1.045769195042446,pump_trades+expand_max,1,7.0,0.0
8LknvPVEnq8en52yjAwcZ5sAE66W8Xc8zjzYZqDRpump,2026-09-16T12:12:29+00:00,8999.400654409776,2026-09-16T12:12:28+00:00,1,653,0,1,pump_trade_mc_band,2026-09-16T12:12:29+00:00,9074.877305451,9.074877305451e-06,0,653,0.0,2.034723996368383,pump_trades+expand_max,1,36.0,0.0
E3aBJcJ2sEygUyjiisS2eLbh2GHxtApy9tWSCHkVpump,2026-09-08T21:16:58+00:00,8228.538438736818,2026-09-08T21:16:35+00:00,1,277,0,1,pump_trade_mc_band,2026-09-08T21:16:58+00:00,9967.368694302999,9.967368694303e-06,0,277,0.0,0.883505810166248,pump_trades+expand_max,1,61.0,0.0
CTqxyojQBA5JV8Kz7Hh1bgf4Ycig1SF1isytDexxpump,2026-09-18T17:53:24+00:00,8648.39740312597,2026-09-18T17:53:24+00:00,1,551,0,1,pump_trade_mc_band,2026-09-18T17:53:24+00:00,8721.555919999,8.721555919999e-06,0,551,0.0,2.1362831797312074,pump_trades+expand_max,1,4.0,0.0
8WB41LKPpEXfHQ72owWo6zTx5Zf1mM9m1v5GcxDopump,2026-09-21T19:45:56+00:00,12653.80493036114,2026-09-21T19:45:56+00:00,1,1200,1,1,pump_trade_mc_band,2026-09-21T20:05:41+00:00,8007.845179388999,8.007845179389e-06,0,1200,1.0,82.68991737088895,pump_trades+expand_max,1,42.0,0.32916666666666666
FsGyG4Q8Z4cvY4PyRvYpG6ZLYHz7Gwev2trhkXv2pump,2026-09-17T08:34:48+00:00,10717.041800667546,2026-09-17T08:34:48+00:00,1,1200,1,1,pump_trade_mc_band_deep,2026-09-17T08:58:41+00:00,15076.735815844,1.5076735815844e-05,0,4000,1.0,144.3568687989447,pump_trades+expand_max,1,1184.0,0.39805555555555555
GcfPnpkYBU2rXvkEHSnMMhjLukxXTWWUJZ2h6qDqpump,2026-09-18T14:17:11+00:00,11665.59485533209,2026-09-18T14:17:11+00:00,1,1200,1,1,pump_trade_mc_band_deep,2026-09-18T14:29:59+00:00,16756.839255736,1.6756839255736e-05,0,4000,1.0,68.5215716173245,pump_trades+expand_max,1,1350.0,0.21333333333333335
ZRqcUzMUBEVzBXkUa6YZq2HqL3gvrhKLGL5FhbSpump,2026-09-22T09:31:57+00:00,8482.917839117064,2026-09-22T09:31:48+00:00,1,10,0,1,pump_trade_mc_band,2026-09-22T09:31:54+00:00,8515.003620274,8.515003620274e-06,0,10,0.0,0.9963821050213472,pump_trades+expand_max,1,9.0,-0.0008333333333333334
BrdUDkY4ag6rEdpb2p1h8VfcBTbmnZNVEtRZCssvpump,2026-09-15T01:21:13+00:00,8040.398230674175,2026-09-15T01:18:14+00:00,1,487,0,1,pump_trade_mc_band,2026-09-15T01:21:11+00:00,8028.23055395,8.02823055395e-06,0,487,0.0,1.2402911995278774,pump_trades+expand_max,1,167.0,-0.0005555555555555556
GP7bFqh9AUSDCnMsZ8j1zVdJ8oaaqEZ4d76VrHjBpump,2026-09-10T18:50:08+00:00,8135.147375109501,2026-09-10T18:49:27+00:00,1,84,0,1,pump_trade_mc_band,2026-09-10T18:50:07+00:00,8142.521943323,8.142521943323e-06,0,84,0.0,0.9999999945015806,pump_trades+expand_max,1,70.0,-0.0002777777777777778
bHYzUPxDMHy7vrCWmDfcyZ4P2f5z4EYDrXnw2qapump,2026-09-21T18:32:59+00:00,8095.303555986912,2026-09-21T18:30:14+00:00,1,161,0,1,pump_trade_mc_band,2026-09-21T18:32:55+00:00,8015.765659640001,8.01576565964e-06,0,161,0.0,1.2188413389983985,pump_trades+expand_max,1,69.0,-0.0011111111111111111
7GmujChFZEMH7kihXNqfNDC4LrLrdvhPGSngq78Jpump,2026-09-20T12:17:12+00:00,8836.398076253063,2026-09-20T12:14:34+00:00,1,144,0,1,pump_trade_mc_band,2026-09-20T12:17:11+00:00,8839.712629535,8.839712629535e-06,0,144,0.0,0.9996250383444747,pump_trades+expand_max,1,130.0,-0.0002777777777777778
B57TrapXq8WaNGNwCK69Noj4LcVeskf2NUkxxTCWpump,2026-09-22T05:49:18+00:00,11785.425227956688,2026-09-22T05:49:18+00:00,1,1200,0,1,pump_trade_mc_band,2026-09-22T05:55:37+00:00,17374.860926476,1.7374860926476e-05,0,1200,0.0,2.0232376569914505,pump_trades+expand_max,1,1.0,0.10527777777777778
NyPfXv8fGaKw77vd3W6r1QG1KJ2JmapLDSxsUzypump,2026-09-06T00:13:48+00:00,11077.17041803171,2026-09-06T00:13:48+00:00,1,1200,1,1,pump_trade_mc_band_deep,2026-09-06T00:48:20+00:00,17265.222781753,1.7265222781753e-05,0,4000,1.0,106.79280899300939,pump_trades+expand_max,1,1638.0,0.5755555555555556
7Xt5PPA2b6XPHDCZZDa67of6PFQNJMLDRYsDHd8qpump,2026-09-14T16:16:10+00:00,8017.10922126824,2026-09-14T16:13:25+00:00,1,834,0,1,pump_trade_mc_band,2026-09-14T16:16:10+00:00,8041.201229392001,8.041201229392e-06,0,834,0.0,1.0819102253035893,pump_trades+expand_max,1,515.0,0.0
7qvvNbH9Lmg2QAtZU6rnvSR4wU3tbQ9Jq6FTqjz1pump,2026-09-03T07:01:52+00:00,9214.059399770536,2026-09-03T06:59:38+00:00,1,44,0,1,pump_trade_mc_band,2026-09-03T07:01:52+00:00,11452.548424247,1.1452548424247e-05,0,44,0.0,3.589373982636079,pump_trades+expand_max,1,31.0,0.0
CYg4nZXfTt9we23DbtRiajsPh56bniE4rKKo55kMpump,2026-09-02T04:08:37+00:00,8494.191947810286,2026-09-02T04:08:37+00:00,1,1200,0,1,pump_trade_mc_band,2026-09-02T04:22:45+00:00,18616.674771731,1.8616674771731e-05,0,1200,0.0,3.471977447385981,pump_trades+expand_max,1,69.0,0.23555555555555555
JAFWT4nJDQotUQhF2bM8R37BX46vA8FuWQCN3SoQpump,2026-09-22T05:25:46+00:00,9331.757420940758,2026-09-22T05:25:41+00:00,1,273,0,1,pump_trade_mc_band,2026-09-22T05:25:45+00:00,9326.132248133,9.326132248133e-06,0,273,0.0,2.043050574694625,pump_trades+expand_max,1,6.0,-0.0002777777777777778
7DBmCjxv4WGNGF8ZDT7CcFDHa5GN3f8QAe7WxuRGpump,2026-09-14T22:24:02+00:00,8155.406430950927,2026-09-14T22:23:58+00:00,1,1200,1,1,pump_trade_mc_band,2026-09-14T22:37:43+00:00,12483.061012967,1.2483061012967e-05,0,1200,0.0,8.315742157147389,pump_trades+expand_max,1,13.0,0.22805555555555557
9giJwPDHvHDHyoBgCdfPH8QGskqGa57enUTgfxEypump,2026-09-02T18:47:43+00:00,8771.50079592435,2026-09-02T18:47:39+00:00,1,94,0,1,pump_trade_mc_band,2026-09-02T18:47:43+00:00,8795.732559405,8.795732559405e-06,0,94,0.0,1.1494871149436088,pump_trades+expand_max,1,41.0,0.0
HMsfiK5ZoKep1viQSXhUbBRW3ZMq6R6pJpr26V2opump,2026-09-03T23:46:17+00:00,8306.50822059516,2026-09-03T23:45:45+00:00,1,266,0,1,pump_trade_mc_band,2026-09-03T23:46:17+00:00,8356.881069428999,8.356881069429e-06,0,266,0.0,1.1937700385176888,pump_trades+expand_max,1,71.0,0.0
GhF3avSycJhbaNvcq34PwtR8X5WnLHBqKSkLxkrQpump,2026-09-22T23:04:10+00:00,8510.962105886081,2026-09-22T23:04:07+00:00,1,287,0,1,pump_trade_mc_band,2026-09-22T23:04:10+00:00,8626.871516481,8.626871516481e-06,0,287,0.0,2.301954411170433,pump_trades+expand_max,1,22.0,0.0
AjZfVGTo6D9YZ4S7JY21xeat5zJHfW1WSsvC2aQHpump,2026-09-20T00:53:13+00:00,10564.808279491544,2026-09-20T00:53:13+00:00,1,104,0,1,pump_trade_mc_band,2026-09-20T00:53:13+00:00,14435.930909393,1.4435930909393e-05,0,104,0.0,3.3022034676423533,pump_trades+expand_max,1,16.0,0.0
EbmJaN72fzh4wXPRj8rpMnW1Pex6Ha9R9Joi1zuLpump,2026-09-14T12:46:51+00:00,8049.450786733459,2026-09-14T12:46:24+00:00,1,1200,0,1,pump_trade_mc_band,2026-09-14T12:46:51+00:00,8187.700705991,8.187700705991e-06,0,1200,0.0,2.5469388812921863,pump_trades+expand_max,1,17.0,0.0
FDt1MCou7fh23fxaDu5oosXhkNJFS1p44G323KJwpump,2026-09-03T11:23:24+00:00,8390.616628047757,2026-09-03T11:23:19+00:00,1,29,0,1,pump_trade_mc_band,2026-09-03T11:23:24+00:00,10527.840339462999,1.0527840339463e-05,0,29,0.0,0.9853246465808682,pump_trades+expand_max,1,9.0,0.0
nqJGGuLrqJhqyVr4HiktekEiK1KGMsNSu6ZXUP8pump,2026-09-13T10:16:51+00:00,10706.323687055516,2026-09-13T10:16:51+00:00,1,1200,1,1,pump_trade_mc_band_deep,2026-09-14T12:14:19+00:00,8282.172748603,8.282172748603e-06,0,1500,0.0,0.2848589694145112,pump_trades_post_t0,0,262.0,25.95777777777778
6RpgFUxuK35XiCyg78KnCjdKLznuLnZ3JKsNPWo7pump,2026-09-12T15:25:36+00:00,8301.319850118576,2026-09-12T15:24:48+00:00,1,1140,0,1,pump_trade_mc_band,2026-09-12T15:25:36+00:00,8316.429285027,8.316429285027e-06,0,1140,0.0,7.324640033583264,pump_trades+expand_max,1,100.0,0.0
Ht5PuFt4JHwcdctWXUeD6aWyr8b5oddRBdBPnN18pump,2026-09-06T12:03:00+00:00,9082.521904072784,2026-09-06T12:02:54+00:00,1,585,0,1,pump_trade_mc_band,2026-09-06T12:02:59+00:00,9101.25020801,9.10125020801e-06,0,585,0.0,1.8684080511474186,pump_trades+expand_max,1,9.0,-0.0002777777777777778
4pNPzp3QDiD7VZgJCQ4hYKy4QZgoT1UJV6zEqgk2pump,2026-09-14T05:39:24+00:00,8670.513113381068,2026-09-14T05:38:58+00:00,1,83,0,1,pump_trade_mc_band,2026-09-14T05:39:24+00:00,8688.159075411,8.688159075411e-06,0,83,0.0,0.9979689642101659,pump_trades+expand_max,1,19.0,0.0
DsvNTgapdx5UgcDiac7NU1ho42WcBPkmR2sacgxVpump,2026-09-11T23:00:40+00:00,9171.801661004116,2026-09-11T23:00:36+00:00,1,423,0,1,pump_trade_mc_band,2026-09-11T23:00:39+00:00,9169.800890623,9.169800890623e-06,0,423,0.0,1.0002181912568202,pump_trades+expand_max,1,5.0,-0.0002777777777777778
DJYEGGcKtsTq5WKoArwj3y68iPz9Rm6qo71EaiUqpump,2026-09-03T22:07:52+00:00,10437.775333364789,2026-09-03T22:07:43+00:00,1,27,0,1,pump_trade_mc_band,2026-09-03T22:07:51+00:00,10666.639588583,1.0666639588583e-05,0,27,0.0,1.057129217831663,pump_trades+expand_max,1,14.0,-0.0002777777777777778
DN4xfZXXnULCwKMxL5hxC2wVBUC2Ju2xDyf9gJCFpump,2026-09-20T12:13:49+00:00,8416.149723548724,2026-09-20T12:13:24+00:00,1,19,0,1,pump_trade_mc_band,2026-09-20T12:13:48+00:00,8329.69953663,8.32969953663e-06,0,19,0.0,1.2751355842394776,pump_trades+expand_max,1,12.0,-0.0002777777777777778
7q3m36TU8MabTnNog7MTi7ou7jzm7M56s9tzg4E4pump,2026-09-17T05:45:14+00:00,8913.42812604479,2026-09-17T05:44:54+00:00,1,18,0,1,pump_trade_mc_band,2026-09-17T05:45:14+00:00,10931.051048507,1.0931051048507e-05,0,18,0.0,1.0208141342667327,pump_trades+expand_max,1,11.0,0.0
AbuSugiezSteBWrugKYAcRC995o8CLMeLHeNoCqspump,2026-09-21T16:19:03+00:00,9689.584320182848,2026-09-21T16:18:51+00:00,1,61,0,1,pump_trade_mc_band,2026-09-21T16:19:02+00:00,9729.557813484,9.729557813484e-06,0,61,0.0,0.9958915405954264,pump_trades+expand_max,1,5.0,-0.0002777777777777778
BEinP8u97MY9qB811qs524BdSN9SNMQoGnNCWw5rpump,2026-09-13T14:31:23+00:00,8154.66050397498,2026-09-13T00:24:18+00:00,1,192,0,1,pump_trade_mc_band,2026-09-13T14:31:23+00:00,8253.873369342999,8.253873369343e-06,0,192,0.0,1.0073928492794237,pump_trades+expand_max,1,61.0,0.0
E6r6X6k1pAXyxT1euoFs1CM84nAWsAWPQE9vuYFrpump,2026-09-14T22:12:58+00:00,8243.62677617149,2026-09-14T22:12:40+00:00,1,18,0,1,pump_trade_mc_band,2026-09-14T22:12:54+00:00,8253.396041819,8.253396041819e-06,0,18,0.0,0.9988163338342168,pump_trades+expand_max,1,13.0,-0.0011111111111111111
FfdudmNyMfYNLGpxHS3AtHmPrsfyVdm8ytMtud2dpump,2026-09-09T15:20:29+00:00,11022.508038610364,2026-09-09T15:20:29+00:00,1,1200,1,1,pump_trade_mc_band_deep,2026-09-09T18:01:46+00:00,16255.655593806001,1.6255655593806e-05,0,3300,0.0,0.9976443082396139,pump_trades_post_t0,1,1540.0,2.6880555555555556
F2HJHrQWLfWRUMVSWn2i1ztjYqg2MTQc52vNKuAApump,2026-09-22T03:41:50+00:00,12494.10503754191,2026-09-22T03:41:50+00:00,1,1200,1,1,pump_trade_mc_band,2026-09-22T04:35:53+00:00,8337.147998179,8.337147998179e-06,0,1200,1.0,229.0020898676391,pump_trades+expand_max,1,40.0,0.9008333333333334
5JGNsptgyW1w6za6LacKdA3PLYnxhbMVnEGbYJC4pump,2026-09-20T21:03:30+00:00,8042.907089337501,2026-09-20T20:59:07+00:00,1,1200,1,1,pump_trade_mc_band,2026-09-20T21:20:33+00:00,19815.979606327,1.9815979606327e-05,0,1200,0.0,8.200334817050834,pump_trades+expand_max,1,255.0,0.2841666666666667
4v4fokMoGE2e7faHmuNZzGCf6K8y64pzXuDeoMd5pump,2026-09-20T23:41:40+00:00,8401.296463090845,2026-09-20T23:41:15+00:00,1,42,0,1,pump_trade_mc_band,2026-09-20T23:41:40+00:00,8381.885453404999,8.381885453405e-06,0,42,0.0,1.0023158285559677,pump_trades+expand_max,1,38.0,0.0
EbQq1Soddu7qJ3yYSuEDurYu77HTSAh4tJxcthCGpump,2026-09-17T19:23:48+00:00,9050.430841109815,2026-09-17T19:23:14+00:00,1,178,0,1,pump_trade_mc_band,2026-09-17T19:23:48+00:00,9570.572931269,9.570572931269e-06,0,178,0.0,1.1782999729779748,pump_trades+expand_max,1,44.0,0.0
5j4jgytmFne8wBBXwaAYGhoxYkT2PQLSuigocf6npump,2026-09-14T19:34:39+00:00,8093.046374065475,2026-09-14T19:34:39+00:00,1,279,0,1,pump_trade_mc_band,2026-09-14T19:34:39+00:00,8127.599128545001,8.127599128545e-06,0,279,0.0,1.026717466248625,pump_trades+expand_max,1,17.0,0.0
7bgeR4h8tWZmoE5aJDGVvawWDi4mfkznXWH155KMpump,2026-09-01T00:17:56+00:00,8108.952223785205,2026-09-01T00:17:54+00:00,1,420,0,1,pump_trade_mc_band,2026-09-01T00:17:56+00:00,8418.127548650999,8.418127548651e-06,0,420,0.0,1.8404675256722374,pump_trades+expand_max,1,26.0,0.0
4xYD5onK2iaXWbXk4hud15xYPTGJmbLwGhm3PKQpump,2026-09-16T05:00:28+00:00,10420.15005361435,2026-09-16T05:00:28+00:00,1,1200,1,1,pump_trade_mc_band_deep,2026-09-16T05:30:33+00:00,17266.765848377,1.7266765848377e-05,0,4000,1.0,32.03937198485498,pump_trades+expand_max,1,2117.0,0.5013888888888889
HE3EwoeDYZEDFUHLAFWiGqaombFk5Kv2qY6o5Kakpump,2026-09-02T04:44:11+00:00,8342.126495022147,2026-09-02T04:44:11+00:00,1,98,0,1,pump_trade_mc_band,2026-09-02T04:44:11+00:00,8988.745410736,8.988745410736e-06,0,98,0.0,0.9874306059214063,pump_trades+expand_max,1,47.0,0.0
9QLsvbntBeLufogbTkD9oWjoDTxqVMnsxbp1r1Xpump,2026-09-14T22:52:12+00:00,9201.893502808492,2026-09-14T22:51:18+00:00,1,652,0,1,pump_trade_mc_band,2026-09-14T22:52:12+00:00,9206.772420102001,9.206772420102e-06,0,652,0.0,1.0857557447501514,pump_trades+expand_max,1,45.0,0.0
F8Pz2mx7V8exRkBNFzvpkZAwjNPxWPGqzYJL2ckrpump,2026-09-15T14:02:09+00:00,8222.73614070256,,1,1100,0,1,pump_trade_mc_band,2026-09-15T14:02:09+00:00,8302.899920691001,8.302899920691e-06,0,1100,0.0,4.022853325626861,pump_trades+expand_max,0,87.0,0.0
6N68zfHbtsw2rC8LfgZ8xHEk6WH3jD4ZnD4Vpf1zpump,2026-09-14T21:02:06+00:00,9693.83488730456,2026-09-14T20:58:31+00:00,1,420,0,1,pump_trade_mc_band,2026-09-14T21:02:04+00:00,9654.970719198001,9.654970719198e-06,0,420,0.0,1.9684492562044396,pump_trades+expand_max,1,137.0,-0.0005555555555555556
Eeq3YJ8heD1FpGjj5k1rpFCw68sTZ6Gza83b8QuFpump,2026-09-17T04:45:34+00:00,9225.336865944648,2026-09-17T04:45:01+00:00,1,387,0,1,pump_trade_mc_band,2026-09-17T04:45:34+00:00,10756.42824304,1.075642824304e-05,0,387,0.0,1.2177593987520536,pump_trades+expand_max,1,39.0,0.0
4MbaSrG3vKnbcdW96kRgWEhGdbxUwB3C2rEmZejspump,2026-09-11T04:09:09+00:00,8955.482620568922,2026-09-11T04:08:18+00:00,1,1061,0,1,pump_trade_mc_band,2026-09-11T04:09:09+00:00,8920.309983277,8.920309983277e-06,0,1061,0.0,2.2902620875203943,pump_trades+expand_max,1,288.0,0.0
4yZ1EHgSKMGWidzhK9K2k4QgZBszuG7gpr7omff3pump,2026-09-11T23:01:55+00:00,8688.593952900348,2026-09-11T23:01:49+00:00,1,11,0,1,pump_trade_mc_band,2026-09-11T23:01:55+00:00,9160.605188486,9.160605188486e-06,0,11,0.0,0.9970591632855199,pump_trades+expand_max,1,10.0,0.0
CS57Cs4Ffe2TxXUdRrALbbZxBfJmLD7VR7QzoR8Wpump,2026-09-03T05:53:27+00:00,8195.87376957506,2026-09-03T05:53:22+00:00,1,1200,1,1,pump_trade_mc_band_deep,2026-09-03T05:53:27+00:00,8441.777056599001,8.441777056599e-06,0,2010,1.0,10.435135668522959,pump_trades+expand_max,1,29.0,0.0
F6YYgRgr4FR3Tmw7pRotMvwuaqn9akdmhys6kRFKpump,2026-09-20T14:01:21+00:00,11910.425815303155,2026-09-20T14:01:00+00:00,1,346,0,1,pump_trade_mc_band,2026-09-20T14:01:20+00:00,9694.094355071,9.694094355071e-06,0,346,0.0,1.2596607236216202,pump_trades+expand_max,1,32.0,-0.0002777777777777778
789SxeYT8sV76vCYiUPV3sfZKLDBuFXKzigavveypump,2026-09-12T13:40:25+00:00,8421.84798877563,2026-09-12T13:38:51+00:00,1,295,0,1,pump_trade_mc_band,2026-09-12T13:40:24+00:00,8425.718102203,8.425718102203e-06,0,295,0.0,1.548913981258018,pump_trades+expand_max,1,63.0,-0.0002777777777777778
HNonHhkWhpShpGxWLNBBUFLFp2Smej4Bnk7gA1GPpump,2026-09-02T21:34:58+00:00,8380.81063891834,2026-09-02T21:34:34+00:00,1,58,0,1,pump_trade_mc_band,2026-09-02T21:34:58+00:00,8374.052049434,8.374052049434e-06,0,58,0.0,1.000807087112003,pump_trades+expand_max,1,31.0,0.0
78YkcXHRsqAwgMG1cnCS4HvpyHQmsoZNmAVACk6Epump,2026-09-12T16:47:49+00:00,15088.927271382978,2026-09-12T16:47:49+00:00,1,1200,1,1,pump_trade_mc_band_deep,2026-09-12T16:53:51+00:00,9436.809712708999,9.436809712709e-06,0,4000,1.0,16.994608116141663,pump_trades+expand_max,1,2299.0,0.10055555555555555
3EvgzBH4yB2PzdKHp2cR1LJNcRNrAsrRGzxQWmHCpump,2026-09-19T13:31:06+00:00,8088.681030183041,2026-09-19T13:31:04+00:00,1,1200,0,1,pump_trade_mc_band,2026-09-19T13:31:55+00:00,9460.149679135999,9.460149679136e-06,0,1200,0.0,1.2669832535033079,pump_trades+expand_max,1,158.0,0.01361111111111111
EXb4F1FxL1JX4bD4igw7ZU3jCKEV45p5mb8WzzFXpump,2026-09-04T04:51:16+00:00,8376.08776411712,2026-09-04T04:49:52+00:00,1,274,0,1,pump_trade_mc_band,2026-09-04T04:51:06+00:00,8126.3804079639995,8.126380407964e-06,0,274,0.0,1.8104411131571752,pump_trades+expand_max,1,59.0,-0.002777777777777778
BpmpS2AuRqdPN6rCK7n86XHPCaxzLi56LyUxsj18pump,2026-09-03T04:01:18+00:00,10774.9196141725,2026-09-03T04:01:18+00:00,1,1200,1,1,pump_trade_mc_band,2026-09-04T19:15:12+00:00,8205.880934190001,8.20588093419e-06,0,1200,0.0,0.8332860300893411,pump_trades_post_t0,0,1062.0,39.23166666666667
BiDLbS8yqXsQhz28SdsSrKmJekUfovaNk9DZJwH6pump,2026-09-19T19:18:07+00:00,8207.21420754397,2026-09-19T19:17:25+00:00,1,85,0,1,pump_trade_mc_band,2026-09-19T19:18:05+00:00,8216.143715546,8.216143715546e-06,0,85,0.0,0.9989131752910876,pump_trades+expand_max,1,57.0,-0.0005555555555555556
YrpuePCjaUWkRUzxBmiu7fLEs1z5c7TsCb38eoopump,2026-09-18T14:35:10+00:00,11721.32904611464,2026-09-18T14:35:10+00:00,1,1200,1,1,pump_trade_mc_band,2026-09-19T00:25:28+00:00,8241.283233873,8.241283233873e-06,0,1200,0.0,0.2649853930658699,pump_trades_post_t0,1,432.0,9.838333333333333
F5XFkmDU3wEdKPakyaUNU49S9dh4qqySGu4JFas4pump,2026-09-20T07:36:08+00:00,10843.142662404602,2026-09-20T07:35:45+00:00,1,309,0,1,pump_trade_mc_band,2026-09-20T07:36:08+00:00,11660.219364877,1.1660219364877e-05,0,309,0.0,0.9987046130351946,pump_trades+expand_max,1,43.0,0.0
E5rwBEjXXyJAwEpmdBrQ6JZWokKyB3RHtkZkAvTzpump,2026-09-14T04:59:08+00:00,10841.371918567078,2026-09-14T04:59:08+00:00,1,1200,1,1,pump_trade_mc_band_deep,2026-09-14T05:17:29+00:00,17410.468829612,1.7410468829612e-05,0,4000,1.0,112.4601353540855,pump_trades+expand_max,1,2442.0,0.30583333333333335
EVULG6nQbGF6jhcS3CYjNU6DT7eeqAzstSTNZxD1pump,2026-09-10T03:37:01+00:00,11653.715213227666,2026-09-10T03:35:56+00:00,1,174,0,1,pump_trade_mc_band,2026-09-10T03:37:00+00:00,9234.594181021,9.234594181021e-06,0,174,0.0,1.395559220269289,pump_trades+expand_max,1,130.0,-0.0002777777777777778
5iWXbg8qRw5nHQYwfdxR2yZ2Nh7yJgDYsE4H57mspump,2026-09-06T16:16:03+00:00,8048.034907273435,2026-09-06T16:16:03+00:00,1,139,0,1,pump_trade_mc_band,2026-09-06T16:16:03+00:00,8161.135346914,8.161135346914e-06,0,139,0.0,0.9996553092119026,pump_trades+expand_max,1,18.0,0.0
CJxMXrT1CPWjvyk9u7qLubppkq6i6Pe5955h1TAFpump,2026-09-04T01:13:23+00:00,8988.1750158791,2026-09-04T01:13:17+00:00,1,11,0,1,pump_trade_mc_band,2026-09-04T01:13:22+00:00,8801.783536404,8.801783536404e-06,0,11,0.0,1.224013845320099,pump_trades+expand_max,1,6.0,-0.0002777777777777778
FVjtkPkJS3E6N28dpebU8usjXQFG6kVC87atfJMupump,2026-09-22T07:22:13+00:00,8097.141042951173,2026-09-22T07:21:34+00:00,1,760,0,1,pump_trade_mc_band,2026-09-22T07:22:13+00:00,8462.668341965,8.462668341965e-06,0,760,0.0,1.3339972253337784,pump_trades+expand_max,1,239.0,0.0
A6qVZ7eVoJc9qtto5U41xvhMiynEtda8eduTrdJpump,2026-09-11T23:19:52+00:00,8028.1763676110995,2026-09-11T23:19:18+00:00,1,1200,0,1,pump_trade_mc_band,2026-09-11T23:24:09+00:00,12670.672860708999,1.2670672860709e-05,0,1200,0.0,1.7093715549919943,pump_trades+expand_max,1,2.0,0.07138888888888889
2tvBxF5finx3cmvHBcqK8CniNLdc2QZBZUsjndhUpump,2026-09-01T22:31:57+00:00,8129.011597733908,2026-09-01T22:31:47+00:00,1,360,0,1,pump_trade_mc_band,2026-09-01T22:31:57+00:00,8347.231968569,8.347231968569e-06,0,360,0.0,1.525608527020742,pump_trades+expand_max,1,96.0,0.0
ErvDWdy8aEGNso9CQ812288QWrueqMGR5PxVBR8apump,2026-09-03T19:28:20+00:00,8668.047586478002,2026-09-03T19:28:20+00:00,1,205,0,1,pump_trade_mc_band,2026-09-03T19:28:20+00:00,8266.010245814,8.266010245814e-06,0,205,0.0,1.124331518390485,pump_trades+expand_max,1,10.0,0.0
DU5oJvB9T3gdyAW2WZzXa3CYbP9QR3oWzydscBNQpump,2026-09-20T04:27:56+00:00,8160.064773213451,2026-09-20T04:27:09+00:00,1,1200,0,1,pump_trade_mc_band,2026-09-20T04:33:37+00:00,11603.506491953,1.1603506491953e-05,0,1200,0.0,2.1252891764968806,pump_trades+expand_max,1,1.0,0.09472222222222222
FNAtP2sAYqevbj9d3QevjjdGtH9qM3z2Ya4XRKmBpump,2026-09-16T00:30:31+00:00,8085.583376599992,2026-09-16T00:29:36+00:00,1,84,0,1,pump_trade_mc_band,2026-09-16T00:30:31+00:00,9910.645683655,9.910645683655e-06,0,84,0.0,1.0990256946866312,pump_trades+expand_max,1,38.0,0.0
HAJ6XFr1p4uJqE2TnRG8dnUT7XEKhbvSoktwG2KEpump,2026-09-16T20:25:49+00:00,8056.26844771264,2026-09-16T20:25:23+00:00,1,849,0,1,pump_trade_mc_band,2026-09-16T20:25:48+00:00,8030.018493316,8.030018493316e-06,0,849,0.0,3.625410850840885,pump_trades+expand_max,1,45.0,-0.0002777777777777778
Dsyg9sLksE3x6riPKnFVkkoUTVFUFJbheucEWyJipump,2026-09-17T15:17:49+00:00,9480.492827535474,2026-09-17T15:17:10+00:00,1,102,0,1,pump_trade_mc_band,2026-09-17T15:17:48+00:00,9478.397055886,9.478397055886e-06,0,102,0.0,1.1727070375562552,pump_trades+expand_max,1,68.0,-0.0002777777777777778
BP4eRc1UYv3sVUfncqyrLiCUmmAj4tCRKqAMDirkpump,2026-09-22T02:17:31+00:00,8020.840939287975,2026-09-21T20:14:31+00:00,1,300,0,1,pump_trade_mc_band,2026-09-22T02:17:31+00:00,8058.124532825001,8.058124532825e-06,0,300,0.0,1.0725180200069626,pump_trades+expand_max,1,125.0,0.0
3jWJkVQnx4vUTmaKzTG4bw4fNALVSJVmhPkbtK86pump,2026-09-05T04:14:07+00:00,9011.143331260128,,1,1,0,1,pump_trade_mc_band,2026-09-05T04:14:07+00:00,9067.846119568,9.067846119568e-06,0,1,0.0,0.9937468294498834,expand_max_mc_after_t0,0,1.0,0.0
4HcHbo6MccdFGWqMkzC7FcWMZDF7powBohhwvmt7pump,2026-09-13T04:39:47+00:00,8733.909860233343,2026-09-13T04:39:02+00:00,1,124,0,1,pump_trade_mc_band,2026-09-13T04:39:46+00:00,8720.720247668,8.720720247668e-06,0,124,0.0,2.3603843586633135,pump_trades+expand_max,1,37.0,-0.0002777777777777778
9dACkYdTUXCbkBwcM1XHR9xcboAnovoUFKZe4H5ppump,2026-09-08T11:23:44+00:00,9197.133446690876,2026-09-08T11:21:29+00:00,1,60,0,1,pump_trade_mc_band,2026-09-08T11:23:39+00:00,9209.473730185,9.209473730185e-06,0,60,0.0,2.3299868886071464,pump_trades+expand_max,1,32.0,-0.001388888888888889
5suA6roZyJindZy5JQ59Ekq4eEusdodZErWcYz7spump,2026-09-09T07:08:51+00:00,8086.874254961021,2026-09-09T07:08:41+00:00,1,394,0,1,pump_trade_mc_band,2026-09-09T07:08:51+00:00,8223.698009198999,8.223698009199e-06,0,394,0.0,1.683800808738808,pump_trades+expand_max,1,48.0,0.0
53HLjZgiQKrEtRnSuvVxdGKGZSpd8iVBPiW4fX1xpump,2026-09-22T05:55:01+00:00,8567.544529647064,2026-09-22T05:54:43+00:00,1,183,0,1,pump_trade_mc_band,2026-09-22T05:55:00+00:00,8605.40273829,8.60540273829e-06,0,183,0.0,1.478014856119146,pump_trades+expand_max,1,15.0,-0.0002777777777777778
2jw4z5UaG9FXTwxVdRguuP7R9ExbQGjLSNGuxvzdpump,2026-09-19T10:31:53+00:00,17854.315650860823,2026-09-19T10:31:53+00:00,1,589,0,1,pump_trade_mc_band,2026-09-19T10:31:53+00:00,18064.744857408,1.8064744857408e-05,0,589,0.0,2.4447430019933187,pump_trades+expand_max,1,9.0,0.0
BnZkA5MuowpybniEW7qEjztAJqfpkCQoNRot69Xfpump,2026-09-11T08:10:33+00:00,8343.646067209367,2026-09-11T08:10:25+00:00,1,53,0,1,pump_trade_mc_band,2026-09-11T08:10:31+00:00,8343.779941409,8.343779941409e-06,0,53,0.0,1.8719872880014339,pump_trades+expand_max,1,12.0,-0.0005555555555555556
9as3uhGuDqX7nhoqAu8wbQ1HF2ca8hVWZHSuBYBipump,2026-09-22T16:36:39+00:00,8106.680715761684,2026-09-22T16:36:38+00:00,1,209,0,1,pump_trade_mc_band,2026-09-22T16:36:39+00:00,8767.495081766,8.767495081766e-06,0,209,0.0,1.3732161547225985,pump_trades+expand_max,1,24.0,0.0
BKTZwvWc5CZQva3jVZU93nBCqb7FsXyKRWbGFeCFpump,2026-09-21T19:26:21+00:00,9079.737566774584,2026-09-21T12:48:29+00:00,1,100,0,1,pump_trade_mc_band,2026-09-21T19:26:20+00:00,8009.352780655001,8.009352780655e-06,0,100,0.0,1.8603763468214285,pump_trades+expand_max,1,39.0,-0.0002777777777777778
DXUoZRLQkeeVh17kwXG99wbGX9RRUE36KnNFAwmypump,2026-09-17T21:07:26+00:00,10836.012861761064,2026-09-17T21:07:26+00:00,1,1200,1,1,pump_trade_mc_band,2026-09-18T22:12:34+00:00,12265.571656647,1.2265571656647e-05,0,1200,0.0,0.9761011539335679,pump_trades_post_t0,0,1043.0,25.085555555555555
BN8LLWRJ7GLcR51j5xnaXFzXdZhHPDbS2jW7ZvN8pump,2026-09-18T20:11:24+00:00,8143.499788626476,2026-09-18T20:11:16+00:00,1,83,0,1,pump_trade_mc_band,2026-09-18T20:11:23+00:00,8159.754339896001,8.159754339896e-06,0,83,0.0,1.6888808867169451,pump_trades+expand_max,1,13.0,-0.0002777777777777778
64nvx4GsLynYMJZhKb9JouwmoKRP3zpXuZF7MMsqpump,2026-09-01T02:39:00+00:00,8589.860899339901,2026-09-01T02:38:55+00:00,1,98,0,1,pump_trade_mc_band,2026-09-01T02:39:00+00:00,9410.015286305,9.410015286305e-06,0,98,0.0,1.5080249906090377,pump_trades+expand_max,1,10.0,0.0
3EcpesP1ZtHYTukqLEbZyPVJk61X5ihZMDUKdJTDpump,2026-09-12T14:20:03+00:00,8081.629994061059,2026-09-12T14:19:27+00:00,1,1200,0,1,pump_trade_mc_band_deep,2026-09-12T14:20:02+00:00,8170.402103956,8.170402103956e-06,0,1659,0.0,1.3182507407749247,pump_trades+expand_max,1,43.0,-0.0002777777777777778
4cE9JJFywNkAcAPamD3DYK9iJzwgV5xqTEVZbZD2pump,2026-09-20T01:33:58+00:00,8047.693679622345,2026-09-20T01:22:26+00:00,1,112,0,1,pump_trade_mc_band,2026-09-20T01:25:23+00:00,8031.692937225,8.031692937225e-06,0,112,0.0,1.011382007203899,pump_trades+expand_max,1,70.0,-0.14305555555555555
CFWu9NUjP5jQ1GncQHbWAQ4QEnGcZzsdeSF3eXdBpump,2026-09-18T18:09:31+00:00,8648.59269036276,2026-09-18T18:09:21+00:00,1,27,0,1,pump_trade_mc_band,2026-09-18T18:09:21+00:00,8646.546963284,8.646546963284e-06,0,27,0.0,1.3498496284706578,pump_trades+expand_max,1,1.0,-0.002777777777777778
BQFwg8BXgk4zVenvGHuBa4xAg6Nm5K1oWfW8aY2Qpump,2026-09-12T04:59:52+00:00,8133.906359759521,2026-09-12T04:59:32+00:00,1,463,0,1,pump_trade_mc_band,2026-09-12T04:59:51+00:00,8135.943068094,8.135943068094e-06,0,463,0.0,0.9997496653654736,pump_trades+expand_max,1,40.0,-0.0002777777777777778
83zSVPRmHdXThUSkCVGVAWCg9i1nWcwrJVK3rKbnpump,2026-09-04T17:59:57+00:00,15517.908734241471,2026-09-04T17:59:57+00:00,1,1200,1,1,pump_trade_mc_band,2026-09-04T18:02:45+00:00,10801.085385747,1.0801085385747e-05,0,1200,1.0,18.52918241617255,pump_trades+expand_max,1,4.0,0.04666666666666667
AJtyt8sB8SpeJRpCaoRoZ6fYBgQzcU8ggqNsKo1jpump,2026-09-10T21:43:01+00:00,8120.005816456095,2026-09-10T21:42:02+00:00,1,1200,0,1,pump_trade_mc_band,2026-09-10T21:44:34+00:00,14879.224446507,1.4879224446507e-05,0,1200,0.0,2.302364999597211,pump_trades+expand_max,1,2.0,0.025833333333333333
8mmNiynPbU3xQPUm6kJBcUahka9V6rY7mFfs8mJupump,2026-09-11T23:32:18+00:00,8466.727257102999,2026-09-11T23:30:58+00:00,1,369,1,1,pump_trade_mc_band,2026-09-11T23:32:17+00:00,8470.158280931,8.470158280931e-06,0,369,1.0,14.947254307857056,pump_trades+expand_max,1,89.0,-0.0002777777777777778
6MCsDUY6CXqaJprqiUJGg9uodh5UeANx7qoKjDUHpump,2026-09-10T00:52:43+00:00,8653.440622967868,2026-09-10T00:52:28+00:00,1,136,0,1,pump_trade_mc_band,2026-09-10T00:52:43+00:00,10087.307044857998,1.0087307044858e-05,0,136,0.0,1.3154273825410399,pump_trades+expand_max,1,35.0,0.0
Ft5dHxYFriBxrBsj4uiW4mMRzBHPbdApF951uhhGpump,2026-09-01T00:12:32+00:00,8353.768686705886,2026-09-01T00:12:24+00:00,1,379,0,1,pump_trade_mc_band,2026-09-01T00:12:32+00:00,8747.748237082,8.747748237082e-06,0,379,0.0,1.8957052806510204,pump_trades+expand_max,1,35.0,0.0
C358SDXLS3SjssmasGaTzNBCvh48bd5Nnf478Zzpump,2026-09-07T02:27:51+00:00,11322.615219747173,2026-09-07T02:27:51+00:00,1,1200,1,1,pump_trade_mc_band_deep,2026-09-07T04:40:05+00:00,19376.334426915997,1.9376334426916e-05,0,3800,0.0,0.9969801724838774,pump_trades_post_t0,1,1887.0,2.203888888888889
FLmJXHeMG36gMMAzcn7ngA5Xh9ZFmSUhQCau6RpLpump,2026-09-02T17:25:00+00:00,8199.742706288233,2026-09-02T17:25:00+00:00,1,198,0,1,pump_trade_mc_band,2026-09-02T17:25:00+00:00,9479.884904539,9.479884904539e-06,0,198,0.0,0.9893421092265546,pump_trades+expand_max,1,22.0,0.0
24EnSjfkj8xbnxnhTnh8SXaT1mAV5YoA6LtXBymQpump,2026-09-20T04:04:20+00:00,8308.129044696463,2026-09-20T04:03:50+00:00,1,87,0,1,pump_trade_mc_band,2026-09-20T04:04:20+00:00,8234.841245637,8.234841245637e-06,0,87,0.0,1.020559059094272,pump_trades+expand_max,1,69.0,0.0
6LgQsNvkAFbkgm6gjBFZCCaC73FxnnfN1HzSoXYcpump,2026-09-18T20:38:14+00:00,8310.11424741039,2026-09-18T20:37:18+00:00,1,38,0,1,pump_trade_mc_band,2026-09-18T20:38:13+00:00,8307.945078283,8.307945078283e-06,0,38,0.0,1.0002610957471374,pump_trades+expand_max,1,30.0,-0.0002777777777777778
fpDYUoH5MrtUmZahvoPPo8iukCh9vrNRimC6fXhpump,2026-09-19T01:55:06+00:00,12181.136120070672,2026-09-19T01:55:06+00:00,1,1200,1,1,pump_trade_mc_band,2026-09-20T06:55:45+00:00,8267.335655407,8.267335655407e-06,0,1200,0.0,0.2591537832427011,pump_trades_post_t0,0,535.0,29.010833333333334
4Z51Daahs9T9XJdw49j3d2APoKr7V89b9m8uVuDTpump,2026-09-22T18:30:14+00:00,10123.677685112618,2026-09-22T18:30:11+00:00,1,1200,0,1,pump_trade_mc_band_deep,2026-09-22T18:30:14+00:00,10381.209215087,1.0381209215087e-05,0,2031,0.0,9.191618396692931,pump_trades+expand_max,1,29.0,0.0
Hw7GRd58DVJRvYXuT1A75zT9vS6S93vNXpJczgN7pump,2026-09-02T08:00:51+00:00,16280.634272491376,2026-09-02T08:00:51+00:00,1,252,0,1,pump_trade_mc_band,2026-09-02T08:00:51+00:00,16371.2474302,1.63712474302e-05,0,252,0.0,1.5449574030712094,pump_trades+expand_max,1,25.0,0.0
APTYD1aDGXh9MYST9GafuZS563NHTgKQvu7FTY15pump,2026-09-18T15:20:21+00:00,8041.705318543365,2026-09-18T15:20:15+00:00,1,71,0,1,pump_trade_mc_band,2026-09-18T15:20:20+00:00,8041.123254181,8.041123254181e-06,0,71,0.0,3.8358792781072206,pump_trades+expand_max,1,7.0,-0.0002777777777777778
ENChbWFgaTysXiiQeaPjpBmeSn7tDVeGAA4E1Sk3pump,2026-09-20T05:09:27+00:00,9442.148618764815,2026-09-20T05:02:35+00:00,1,179,0,1,pump_trade_mc_band,2026-09-20T05:09:25+00:00,9456.795394838999,9.456795394839e-06,0,179,0.0,0.9984511903385181,pump_trades+expand_max,1,20.0,-0.0005555555555555556
4nrcMhmKFwGFQB76v6VXDWFn5HzpgTknXKYrzZiTpump,2026-09-12T13:53:54+00:00,10939.897199900146,2026-08-28T15:56:29+00:00,1,42,0,1,pump_trade_mc_band,2026-08-28T15:56:43+00:00,10161.519371871002,1.0161519371871e-05,0,42,0.0,1.1233020042153696,pump_trades+expand_max,1,35.0,-357.9530555555556
5pNUsoKwyJ7pVMn9HxRZJW3Z1DsP5SLHckYaWCzwpump,2026-09-10T20:24:05+00:00,9174.240180639305,2026-09-10T20:22:58+00:00,1,201,0,1,pump_trade_mc_band,2026-09-10T20:24:05+00:00,11780.744023858999,1.1780744023859e-05,0,201,0.0,1.0005769637544986,pump_trades+expand_max,1,98.0,0.0
9zmEjhwZ8e7y8RAjpuE1yui2uRTJMy1oEBsj6T2Hpump,2026-09-08T21:55:20+00:00,8359.592625892965,2026-09-08T21:55:08+00:00,1,256,1,1,pump_trade_mc_band,2026-09-08T21:55:19+00:00,8352.161022718,8.352161022718e-06,0,256,1.0,14.699208331204508,pump_trades+expand_max,1,13.0,-0.0002777777777777778
DgZSdAziVodukEdXK3KJZWneMv2UKCoRwxM5deBJpump,2026-09-21T12:31:58+00:00,9283.938525217907,2026-09-21T12:31:33+00:00,1,93,0,1,pump_trade_mc_band,2026-09-21T12:31:57+00:00,9302.413443299001,9.302413443299e-06,0,93,0.0,1.8119403183128577,pump_trades+expand_max,1,43.0,-0.0002777777777777778
BMP92NaziYxLQbZPKnbexMV5ZX5P7GQbTeCVs1Yipump,2026-09-11T23:18:58+00:00,12918.454420519998,2026-09-11T23:18:58+00:00,1,161,0,1,pump_trade_mc_band,2026-09-11T23:18:58+00:00,13734.5131211,1.37345131211e-05,0,161,0.0,1.232236949281864,pump_trades+expand_max,1,10.0,0.0
CH9ZWWuE2YFA3KZsK2QkhFbRuXt9DVksuoRqeRNBpump,2026-09-18T04:26:37+00:00,8147.256477535436,2026-09-18T04:25:29+00:00,1,82,0,1,pump_trade_mc_band,2026-09-18T04:26:36+00:00,8134.944989097001,8.134944989097e-06,0,82,0.0,1.8083517402604552,pump_trades+expand_max,1,66.0,-0.0002777777777777778
E5QDWVWLeYExPZ5VeFhTQsxFgTqx4KnXjiHLWz9Bpump,2026-09-21T05:48:04+00:00,11986.06645233175,2026-09-21T05:48:04+00:00,1,1200,1,1,pump_trade_mc_band_deep,2026-09-21T06:04:57+00:00,16538.425166275,1.6538425166275e-05,0,4000,1.0,49.495177276175035,pump_trades+expand_max,1,1836.0,0.2813888888888889
4zEgBn2FzouFqsVjKVHmnaPWddvgsjQTtC8iJj5Kpump,2026-09-18T19:02:28+00:00,8083.473041868016,2026-09-18T19:00:35+00:00,1,604,0,1,pump_trade_mc_band,2026-09-18T19:02:27+00:00,8023.938797393,8.023938797393e-06,0,604,0.0,1.45258919495297,pump_trades+expand_max,1,51.0,-0.0002777777777777778
5assqjJJdR96o2xMBjVuciMRP6iBdbRnrijtG7Sipump,2026-09-12T09:29:19+00:00,8150.308386947634,2026-09-12T09:28:24+00:00,1,199,0,1,pump_trade_mc_band,2026-09-12T09:29:16+00:00,8156.310533293,8.156310533293e-06,0,199,0.0,9.121175898591241,pump_trades+expand_max,1,30.0,-0.0008333333333333334
HNLRqfh3hxzGbWjDYaz7vaBXXjV7EWqaEEy6K3D6pump,2026-09-01T07:18:43+00:00,8044.75870436869,2026-09-01T07:18:12+00:00,1,181,0,1,pump_trade_mc_band,2026-09-01T07:18:43+00:00,8061.972596418001,8.061972596418e-06,0,181,0.0,1.101153052785162,pump_trades+expand_max,1,25.0,0.0
7MMq4mHrvtf2o3bwE4bSEE2WqjXGLHBFaXWKDNC1pump,2026-09-21T16:14:41+00:00,8124.042797366785,2026-09-21T16:14:39+00:00,1,239,0,1,pump_trade_mc_band,2026-09-21T16:14:41+00:00,8174.626840996,8.174626840996e-06,0,239,0.0,1.0185652131577312,pump_trades+expand_max,1,29.0,0.0
3Fji2gLPdkMyfnDQRx1g3gLjv2KDpsXDR6vYED9Qpump,2026-09-16T08:25:39+00:00,15896.274058817133,2026-09-16T08:25:39+00:00,1,1200,0,1,pump_trade_mc_band,2026-09-16T08:32:18+00:00,16301.863911123,1.6301863911123e-05,0,1200,0.0,4.836404177773743,pump_trades+expand_max,1,907.0,0.11083333333333334
A5GvBdP6fzXT9jFANhysKmhJq4oNah4fy6LxnLg3pump,2026-09-20T18:08:48+00:00,8029.049398111243,2026-09-20T18:08:33+00:00,1,173,0,1,pump_trade_mc_band,2026-09-20T18:08:48+00:00,8220.917433971,8.220917433971e-06,0,173,0.0,1.007828623721977,pump_trades+expand_max,1,94.0,0.0
7JPUw6CdK5fAEbJX7vQZTxZ2MB28Px5R52oURaCGpump,2026-09-11T04:11:40+00:00,8371.663379837515,2026-09-11T04:10:27+00:00,1,319,0,1,pump_trade_mc_band,2026-09-11T04:11:40+00:00,8671.948319231,8.671948319231e-06,0,319,0.0,6.307470270040599,pump_trades+expand_max,1,142.0,0.0
EBo5fWLhktnnuTviae5w1fitkAW6QQUkddjzGf7Hpump,2026-09-20T22:56:25+00:00,8021.496837268939,2026-09-20T22:56:22+00:00,1,384,0,1,pump_trade_mc_band,2026-09-20T22:56:25+00:00,9557.786404685,9.557786404685e-06,0,384,0.0,4.320044089227039,pump_trades+expand_max,1,26.0,0.0
9Akog6xe2NFikvnBs2DMjBPEaRpEhyERuF5XYFBvpump,2026-09-17T22:50:14+00:00,9262.003998635308,,1,391,0,1,pump_trade_mc_band,2026-09-17T22:50:14+00:00,9240.044799587,9.240044799587e-06,0,391,0.0,1.287946791017823,pump_trades+expand_max,0,131.0,0.0
5W843JJmuRu1qjdUMpXDqtDvTDWBYhkGfoxFXTABpump,2026-09-09T13:33:51+00:00,8141.108430450811,,1,700,0,1,pump_trade_mc_band,2026-09-09T13:33:51+00:00,8196.027390277999,8.196027390278e-06,0,700,0.0,1.0459125428462792,pump_trades+expand_max,0,105.0,0.0
CA3CxFbLZSvxaFtr2PptaHNTvQE1SQP19DdxfU8mpump,2026-09-21T22:19:15+00:00,8190.020311237714,2026-09-21T22:19:15+00:00,1,88,0,1,pump_trade_mc_band,2026-09-21T22:19:15+00:00,8932.617854500999,8.932617854501e-06,0,88,0.0,0.9675284923863814,pump_trades+expand_max,1,13.0,0.0
BRT92ueBp6dLrrnEP2t83NFBUa6wESzV1L2F9x1ypump,2026-09-18T20:03:48+00:00,9382.321012309818,2026-09-18T20:02:02+00:00,1,150,0,1,pump_trade_mc_band,2026-09-18T20:03:48+00:00,9787.661453748,9.787661453748e-06,0,150,0.0,1.059285522562675,pump_trades+expand_max,1,69.0,0.0
7QoCXnja3MWdM3GhTgaYdbqjshqCVaUZFR4we5Y5pump,2026-09-05T02:15:51+00:00,10922.829582018498,2026-09-05T02:15:51+00:00,1,1200,1,1,pump_trade_mc_band,2026-09-06T18:16:00+00:00,8587.162475456,8.587162475456e-06,0,1200,0.0,0.9687409695890558,pump_trades_post_t0,0,1048.0,40.0025
941cxXB95cfK9gjzeQASv5r3A9p8Mgk4BpkZsteNpump,2026-09-19T11:47:38+00:00,9085.183398732928,2026-09-19T11:11:12+00:00,1,316,0,1,pump_trade_mc_band,2026-09-19T11:47:20+00:00,9080.659498594,9.080659498594e-06,0,316,0.0,1.1234222909292584,pump_trades+expand_max,1,21.0,-0.005
BcwDGmnYzWquSVrWHMZqPaewCmxLD8kk7eVGM2Wrpump,2026-09-04T07:27:44+00:00,11069.42155792942,2026-09-04T07:27:44+00:00,1,1200,1,1,pump_trade_mc_band,2026-09-04T07:44:28+00:00,8208.194424112,8.208194424112e-06,0,1200,1.0,43.247421207346065,pump_trades+expand_max,1,1033.0,0.2788888888888889
87FsQiuhiKwdzC7g1vh5DBmz189FimY2fe8g6Po9pump,2026-09-03T21:21:33+00:00,8494.093198888853,2026-09-03T21:21:21+00:00,1,25,0,1,pump_trade_mc_band,2026-09-03T21:21:22+00:00,8500.851571112,8.500851571112e-06,0,25,0.0,1.0087198157963253,pump_trades+expand_max,1,6.0,-0.0030555555555555557
7e65aSwg6vP2Uca2yApyHxAMx8vD4HYE3ReBtGPXpump,2026-09-19T20:59:30+00:00,8032.818676523819,2026-09-19T20:59:11+00:00,1,301,0,1,pump_trade_mc_band,2026-09-19T20:59:28+00:00,8078.721817607001,8.078721817607e-06,0,301,0.0,3.858034368785615,pump_trades+expand_max,1,18.0,-0.0005555555555555556
FBW7uhQqXc4obb99qqtbq11NZvXWeQqEqzCJJ4SHpump,2026-09-01T19:53:58+00:00,8648.452019116066,2026-09-01T19:53:46+00:00,1,451,0,1,pump_trade_mc_band,2026-09-01T19:53:58+00:00,8683.581046484,8.683581046484e-06,0,451,0.0,6.694513996265456,pump_trades+expand_max,1,27.0,0.0
8UUcSCJz73yQrFtG95ohBNp1pfUJTquMqVJkuo2Spump,2026-09-19T20:36:36+00:00,8667.148896007231,2026-09-18T20:38:12+00:00,1,100,0,1,pump_trade_mc_band,2026-09-19T20:36:05+00:00,8693.62170009,8.69362170009e-06,0,100,0.0,0.9969549164898106,pump_trades+expand_max,1,90.0,-0.008611111111111111
8i4VFob4dDidPhUM2eBNGsjZQ69Tw3WwEtSH671Zpump,2026-09-07T15:55:25+00:00,8363.277808828692,2026-09-07T15:55:21+00:00,1,92,0,1,pump_trade_mc_band,2026-09-07T15:55:24+00:00,8411.920667118,8.411920667118e-06,0,92,0.0,1.0662796304163218,pump_trades+expand_max,1,9.0,-0.0002777777777777778
8nh13kJrvnEkE3Ez798WRNJMnohD7giXvvtLtYoipump,2026-09-17T00:52:30+00:00,9259.50121300004,2026-09-17T00:52:24+00:00,1,154,0,1,pump_trade_mc_band,2026-09-17T00:52:30+00:00,10820.135795613,1.0820135795613e-05,0,154,0.0,1.1525487388061462,pump_trades+expand_max,1,10.0,0.0
FYPDrb9AiXLqFGPAkiyN8jJxhMw64uVrx8TdUBLHpump,2026-09-13T02:32:53+00:00,9356.372647957282,2026-09-13T02:29:59+00:00,1,323,0,1,pump_trade_mc_band,2026-09-13T02:32:43+00:00,9407.93715706,9.40793715706e-06,0,323,0.0,2.048990988915899,pump_trades+expand_max,1,7.0,-0.002777777777777778
4gPT8GxxnKoyZHKpQoTnWeCZZ6cZNsNpYbpXNb1rpump,2026-09-05T20:01:14+00:00,11087.888531643744,2026-09-05T20:01:14+00:00,1,1200,1,1,pump_trade_mc_band,2026-09-07T01:52:47+00:00,8204.922578905,8.204922578905e-06,0,1200,0.0,0.7732208539080057,pump_trades_post_t0,0,1033.0,29.859166666666667
HX1jXnaXAq7nf7W9mrLA22a8xxdp6PjKPAhG9ERNpump,2026-09-09T06:44:22+00:00,11992.252319109326,2026-09-09T06:44:22+00:00,1,1200,1,1,pump_trade_mc_band,2026-09-09T06:55:25+00:00,8173.579686516001,8.173579686516e-06,0,1200,1.0,22.6540930542007,pump_trades+expand_max,1,949.0,0.18416666666666667
26DUcADxnyeFWg973ruwyhqgUBvpHMD3XaoM2HSJpump,2026-09-22T19:09:07+00:00,8437.270983609958,2026-09-22T19:04:16+00:00,1,348,0,1,pump_trade_mc_band,2026-09-22T19:09:07+00:00,8536.840190447,8.536840190447e-06,0,348,0.0,1.0328319345004757,pump_trades+expand_max,1,170.0,0.0
G5H2XvT1yYY4KkibYskcEWkrPjyBfgM97X1crhrFpump,2026-09-11T13:21:24+00:00,8016.990459189036,2026-09-11T13:21:10+00:00,1,248,0,1,pump_trade_mc_band,2026-09-11T13:21:24+00:00,8076.993800638,8.076993800638e-06,0,248,0.0,1.000925748693309,pump_trades+expand_max,1,113.0,0.0
7wWgvu94rZUAFVXfVZTFje6EPhSvR4eLQ5vwteeFpump,2026-09-22T20:25:56+00:00,8078.938590633,2026-09-22T20:25:53+00:00,1,1200,0,1,pump_trade_mc_band,2026-09-22T20:27:08+00:00,12870.879018427999,1.2870879018428e-05,0,1200,0.0,1.79144455773753,pump_trades+expand_max,1,19.0,0.02
Wj9CFTmrEcgzUaxX9asNQYcLTTP1yiUuiHyqRTXpump,2026-09-14T01:24:08+00:00,10661.307609884996,2026-09-14T01:24:08+00:00,1,1200,1,1,pump_trade_mc_band_deep,2026-09-14T01:42:57+00:00,18667.001489202,1.8667001489202e-05,0,4000,1.0,174.42939638802955,pump_trades+expand_max,1,993.0,0.3136111111111111
4jEg3gYwaKFgUsNUmXN7JXjeN9cWrZsXcWYYwfzEpump,2026-09-18T20:49:31+00:00,9298.621828058003,2026-09-18T20:49:24+00:00,1,66,0,1,pump_trade_mc_band,2026-09-18T20:49:31+00:00,8410.905587657,8.410905587657e-06,0,66,0.0,1.105543479373223,pump_trades+expand_max,1,16.0,0.0
H6kKeP9yHkgHShZ66iiDgN4mPQPxG9VDC2U6bipbpump,2026-09-11T06:43:11+00:00,15001.971803768292,2026-09-11T06:43:11+00:00,1,92,0,1,pump_trade_mc_band,2026-09-11T06:43:11+00:00,15025.195425173,1.5025195425173e-05,0,92,0.0,1.041358905814554,pump_trades+expand_max,1,6.0,0.0
FAutbfMZTM9hwkwxgiSvXi3po22Dd2YFRArSisC8pump,2026-09-15T01:16:19+00:00,8033.03353184623,2026-09-15T01:14:40+00:00,1,622,0,1,pump_trade_mc_band,2026-09-15T01:16:19+00:00,8011.948939879,8.011948939879e-06,0,622,0.0,1.2372821876411895,pump_trades+expand_max,1,139.0,0.0
4yMyJFiETMt52zAJ1fZvFcKXVE6YoaAVvxfn3F4Tpump,2026-09-11T17:00:27+00:00,8083.743277121348,2026-09-11T16:59:11+00:00,1,397,0,1,pump_trade_mc_band,2026-09-11T17:00:26+00:00,8092.46906267,8.09246906267e-06,0,397,0.0,1.7400288652414226,pump_trades+expand_max,1,175.0,-0.0002777777777777778
8HBBPZXy266jXbCXF7ZMs8XihyNPPn47WxCoQirHpump,2026-09-07T09:48:26+00:00,8823.148483641262,2026-09-07T09:48:18+00:00,1,32,0,1,pump_trade_mc_band,2026-09-07T09:48:26+00:00,8821.646047624,8.821646047624e-06,0,32,0.0,1.0048042587049177,pump_trades+expand_max,1,14.0,0.0
B6HYbfhVG1yJXb9KDNiXK7GAF9JjATf2gdypQ91Epump,2026-09-21T23:34:19+00:00,8935.216730256245,2026-09-21T23:33:14+00:00,1,45,0,1,pump_trade_mc_band,2026-09-21T23:34:07+00:00,8925.483700466,8.925483700466e-06,0,45,0.0,1.3500133470946574,pump_trades+expand_max,1,18.0,-0.0033333333333333335
5bUXohVei6iVAY4yCUFGRX89g9nohbrMrK1ue1fVpump,2026-09-10T20:12:19+00:00,8987.850678608595,2026-09-10T20:11:53+00:00,1,450,0,1,pump_trade_mc_band,2026-09-10T20:12:19+00:00,9242.090021051,9.242090021051e-06,0,450,0.0,1.7051574362284643,pump_trades+expand_max,1,91.0,0.0
CMysTRmeGT9EfkKcciNPyysyHEeD14hMsdTz3ZYPpump,2026-09-14T08:37:56+00:00,15760.189139494718,2026-09-14T08:37:56+00:00,1,1200,0,1,pump_trade_mc_band_deep,2026-09-14T08:55:11+00:00,13774.735188347,1.3774735188347e-05,0,4000,0.0,9.71566408851186,pump_trades+expand_max,1,128.0,0.2875
Aq2MwcAPhkf64LXoohBaY9YSMmaAd89VeHHaxHd5pump,2026-09-08T20:12:15+00:00,8087.078475289542,2026-09-08T20:11:47+00:00,1,725,0,1,pump_trade_mc_band,2026-09-08T20:12:15+00:00,8133.898148318999,8.133898148319e-06,0,725,0.0,1.8914178700596926,pump_trades+expand_max,1,98.0,0.0
5uXBQGrC6JA429YLU7Widq2P39fKUTY7smqghAoppump,2026-09-14T08:59:30+00:00,13027.429809546516,2026-09-14T08:59:20+00:00,1,14,0,1,pump_trade_mc_band,2026-09-14T08:59:28+00:00,9666.798321431,9.666798321431e-06,0,14,0.0,1.3509018129334325,pump_trades+expand_max,1,12.0,-0.0005555555555555556
ZUK1M9erozdrWNR5gQQCRpE8AY4x6wL96ZgQoRkpump,2026-09-12T19:07:37+00:00,11301.45204731767,2026-09-12T19:07:37+00:00,1,1200,0,1,pump_trade_mc_band,2026-09-12T19:15:03+00:00,17251.122005055,1.7251122005055e-05,0,1200,0.0,4.817336669732213,pump_trades+expand_max,1,870.0,0.1238888888888889
5NiqV6jPChEy7TrWLF6rX1yUFbpLdwc7sqzYTuN5pump,2026-09-19T01:46:12+00:00,8693.27495083653,2026-09-19T01:45:57+00:00,1,1031,0,1,pump_trade_mc_band,2026-09-19T01:46:11+00:00,8617.768692193,8.617768692193e-06,0,1031,0.0,1.409793783005485,pump_trades+expand_max,1,22.0,-0.0002777777777777778
6aGR2FsyKThhaU8SnUVqv2g3vpQ3btkq37uNBtuDpump,2026-09-22T19:59:31+00:00,9360.174703337289,2026-09-22T19:58:16+00:00,1,155,0,1,pump_trade_mc_band,2026-09-22T19:59:30+00:00,9396.515552053,9.396515552053e-06,0,155,0.0,0.9961325186432781,pump_trades+expand_max,1,31.0,-0.0002777777777777778
8mZA7stYr4gvbUyb7LAjUcrGZFJ8Zc4iZLYxUVMHpump,2026-09-21T14:45:45+00:00,8916.332233314048,2026-09-21T14:45:25+00:00,1,101,0,1,pump_trade_mc_band,2026-09-21T14:45:44+00:00,8925.281534179,8.925281534179e-06,0,101,0.0,9.186274088465595,pump_trades+expand_max,1,20.0,-0.0002777777777777778
29ho9MQiMPnkwAz3yhAVRrGPTeo8fiDGpPeHAiwxpump,2026-09-17T11:16:23+00:00,10900.488831151944,2026-09-17T11:16:23+00:00,1,1200,0,1,pump_trade_mc_band,2026-09-17T11:26:30+00:00,16392.927311586,1.6392927311586e-05,0,1200,0.0,6.159616147423017,pump_trades+expand_max,1,790.0,0.1686111111111111
C5FHMZkZTWFQ1dq4KZN7teBCVhKt6LGDgKyekXNDpump,2026-09-12T11:57:47+00:00,19344.10444299484,2026-09-12T11:57:47+00:00,1,1200,0,1,pump_trade_mc_band,2026-09-12T12:10:50+00:00,8080.97840758,8.08097840758e-06,0,1200,1.0,12.347869916521725,pump_trades+expand_max,1,864.0,0.2175
GRrCsr7xBYoL3uZ7L7QniJXg7RJvf2urmd8wQkg8pump,2026-09-21T22:35:18+00:00,13520.891806698626,2026-09-21T22:35:18+00:00,1,689,0,1,pump_trade_mc_band,2026-09-21T22:35:18+00:00,13579.412684249999,1.357941268425e-05,0,689,0.0,2.6688557371963135,pump_trades+expand_max,1,7.0,0.0
C4MpJfdHhLeTQQHPQhgHSRPaR2EG5jcL8p78P9Atpump,2026-09-01T00:38:10+00:00,19369.24352327106,2026-08-03T21:51:43+00:00,1,300,0,1,pump_trade_mc_band,2026-09-01T00:37:09+00:00,19655.75467464,1.965575467464e-05,0,300,0.0,1.00541103238422,pump_trades+expand_max,0,25.0,-0.016944444444444446
8es1ZLWgnhKkKDnQaQNQ3WzLr1DsUBDumESjJwtpump,2026-09-20T11:38:14+00:00,8860.6532684521,2026-09-20T11:38:12+00:00,1,158,0,1,pump_trade_mc_band,2026-09-20T11:38:14+00:00,8725.432205955,8.725432205955e-06,0,158,0.0,1.0252390119258015,pump_trades+expand_max,1,22.0,0.0
64cA4AW9ZevhLc53tJGoyFqgPE1NJBqk2sH3NZjZpump,2026-09-08T00:47:02+00:00,8160.933255914761,2026-09-08T00:46:46+00:00,1,26,0,1,pump_trade_mc_band,2026-09-08T00:47:02+00:00,8144.794634333,8.144794634333e-06,0,26,0.0,1.0057396791464746,pump_trades+expand_max,1,24.0,0.0
BTNFLABY617CjaUCZkhK7RZzhQejdpFWZEH2E5Ljpump,2026-09-22T02:03:49+00:00,15685.312020852172,2026-09-22T02:03:49+00:00,1,1200,0,1,pump_trade_mc_band,2026-09-22T02:17:15+00:00,19614.216716662,1.9614216716662e-05,0,1200,0.0,3.1472567108845286,pump_trades+expand_max,1,43.0,0.2238888888888889
A3XoHBW2vxHMJ86Xp4XwvqKdvHcRqYV5yEJvpVjmpump,2026-09-18T05:32:24+00:00,8320.374569779931,2026-09-18T05:32:11+00:00,1,24,0,1,pump_trade_mc_band,2026-09-18T05:32:23+00:00,8399.227932941001,8.399227932941e-06,0,24,0.0,0.9906118319694821,pump_trades+expand_max,1,17.0,-0.0002777777777777778
DDHUDh8RQai46v7YAZv5gcVbv97DqtQkqBFT6ctApump,2026-09-08T14:56:36+00:00,12922.934554778389,2026-09-08T14:56:22+00:00,1,70,0,1,pump_trade_mc_band,2026-09-08T14:56:35+00:00,8722.128915486,8.722128915486e-06,0,70,0.0,2.6434028349063667,pump_trades+expand_max,1,15.0,-0.0002777777777777778
AGjkRhWb41jGZPuskZJa7EDnH7GJqEfsHiVBRYqGpump,2026-09-18T14:48:06+00:00,8776.42579396891,2026-09-18T14:45:09+00:00,1,167,0,1,pump_trade_mc_band,2026-09-18T14:48:04+00:00,8801.774502528,8.801774502528e-06,0,167,0.0,1.3709377958717608,pump_trades+expand_max,1,80.0,-0.0005555555555555556
GURy38fBixAf1uT89rea18x55Qd9UtkJAJQ9Dmvwpump,2026-09-01T06:08:00+00:00,8086.70040860506,2026-09-01T06:07:38+00:00,1,691,0,1,pump_trade_mc_band,2026-09-01T06:08:00+00:00,8259.215198822001,8.259215198822e-06,0,691,0.0,1.2961820561575754,pump_trades+expand_max,1,120.0,0.0
CyVsnNmoU6a1FAcQePFh3s17tP6SRUHVwQ4RrAMpump,2026-09-22T03:23:45+00:00,12496.248660264318,2026-09-22T03:23:45+00:00,1,1200,1,1,pump_trade_mc_band,2026-09-22T03:59:41+00:00,8078.0597363159995,8.078059736316e-06,0,1200,1.0,218.18210616235595,pump_trades+expand_max,1,353.0,0.5988888888888889
CBwr2fv6sn2Hy4KDNXbTXCcqxpVmQ5coK7BVFMEjpump,2026-09-20T22:39:10+00:00,8034.314587041855,2026-09-20T22:38:57+00:00,1,514,0,1,pump_trade_mc_band,2026-09-20T22:39:10+00:00,8035.0818483759995,8.035081848376e-06,0,514,0.0,3.011395765177379,pump_trades+expand_max,1,50.0,0.0
WfAfq1TMYMXSqqGaAsm53o4tmQv1yMEcqUrT6u4pump,2026-09-14T12:56:16+00:00,8245.366116954297,,1,1200,0,1,pump_trade_mc_band,2026-10-01T02:42:14+00:00,19217.088341697,1.9217088341697e-05,0,1200,0.0,1.0611697508665976,pump_trades_post_t0,0,451.0,397.7661111111111
AKnRYMNosHxvMm9JQeNEvW6PN3Z7ex8HQJrucqvopump,2026-09-20T19:09:48+00:00,8002.941382517552,2026-09-20T19:09:24+00:00,1,665,0,1,pump_trade_mc_band,2026-09-20T19:09:48+00:00,8056.744605074,8.056744605074e-06,0,665,0.0,1.7085353747771639,pump_trades+expand_max,1,217.0,0.0
MB6snQj1YtkvfxAfWvRXWbyQFiNmjJGHx2o5vRkpump,2026-09-22T08:21:49+00:00,8862.225769807896,2026-09-22T08:21:41+00:00,1,28,0,1,pump_trade_mc_band,2026-09-22T08:21:48+00:00,8910.547492934002,8.910547492934e-06,0,28,0.0,1.3696560887780451,pump_trades+expand_max,1,8.0,-0.0002777777777777778
25AyW4Yt9F7Eq1UDLakFuttz2uZVLo36jXgGcCnYpump,2026-09-21T08:22:44+00:00,8493.738087217976,2026-09-21T08:22:41+00:00,1,20,0,1,pump_trade_mc_band,2026-09-21T08:22:44+00:00,9962.512716413,9.962512716413e-06,0,20,0.0,1.692293866037067,pump_trades+expand_max,1,8.0,0.0
C9sQJmHCNdnU6KhzBxjFjsUi45yhwWFZqHhUtXcpump,2026-09-06T17:57:13+00:00,8052.246595812636,2026-09-06T17:57:10+00:00,1,168,0,1,pump_trade_mc_band,2026-09-06T17:57:13+00:00,8221.970740003,8.221970740003e-06,0,168,0.0,1.0167048931159233,pump_trades+expand_max,1,53.0,0.0
6DwbBZ6uEGJZkQN4fAfpnMKHFHx5YmKbqYwQdLzKpump,2026-09-17T02:10:52+00:00,10396.158499253805,2026-09-17T02:10:13+00:00,1,30,0,1,pump_trade_mc_band,2026-09-17T02:10:51+00:00,10390.384477497,1.0390384477497e-05,0,30,0.0,1.1380008442664882,pump_trades+expand_max,1,28.0,-0.0002777777777777778
